timestamp,WEST,EAST,NORTH,SOUTH,CENTER,wait_W,wait_E,wait_N,wait_S,current_phase,signal_state,remaining_time,predicted_green
2026-03-27_13-40-08,0,0,0,0,0,0.00,0.00,0.00,0.00,NS,ALL_RED,0,10
2026-03-27_13-40-09,0,0,0,0,0,0.00,0.00,0.00,0.00,NS,GREEN,29,30
2026-03-27_13-40-10,0,0,0,0,0,0.00,0.00,0.00,0.00,NS,GREEN,28,30
2026-03-27_13-40-11,0,0,0,0,0,0.00,0.00,0.00,0.00,NS,GREEN,27,30
2026-03-27_13-40-12,0,0,0,0,0,0.00,0.00,0.00,0.00,NS,GREEN,26,30
2026-03-27_13-40-13,0,0,0,0,0,0.00,0.00,0.00,0.00,NS,GREEN,25,30
2026-03-27_13-40-14,0,0,0,0,0,0.00,0.00,0.00,0.00,NS,GREEN,24,30
2026-03-27_13-40-15,0,0,0,0,0,0.00,0.00,0.00,0.00,NS,GREEN,23,30
2026-03-27_13-40-16,0,0,0,0,0,0.00,0.00,0.00,0.00,NS,GREEN,22,30
2026-03-27_13-40-17,0,0,0,0,0,0.00,0.00,0.00,0.00,NS,GREEN,21,30
2026-03-27_13-40-18,0,0,0,0,0,0.00,0.00,0.00,0.00,NS,GREEN,20,30
2026-03-27_13-40-19,0,0,0,0,0,0.00,0.00,0.00,0.00,NS,GREEN,19,30
2026-03-27_13-40-20,0,0,0,0,0,0.00,0.00,0.00,0.00,NS,GREEN,18,30
2026-03-27_13-40-21,0,0,0,0,0,0.00,0.00,0.00,0.00,NS,GREEN,17,30
2026-03-27_13-40-22,0,0,0,0,0,0.00,0.00,0.00,0.00,NS,GREEN,16,30
2026-03-27_13-40-23,0,0,0,0,0,0.00,0.00,0.00,0.00,NS,GREEN,15,30
2026-03-27_13-40-26,0,0,0,0,0,0.00,0.00,0.00,0.00,NS,GREEN,12,30
2026-03-27_13-40-27,0,0,0,0,0,0.00,0.00,0.00,0.00,NS,GREEN,11,30
2026-03-27_13-40-28,0,0,0,0,0,0.00,0.00,0.00,0.00,NS,GREEN,10,30
2026-03-27_13-40-29,0,0,0,0,0,0.00,0.00,0.00,0.00,NS,GREEN,9,30
2026-03-27_13-40-30,0,0,0,0,0,0.00,0.00,0.00,0.00,NS,GREEN,8,30
2026-03-27_13-40-31,0,0,0,0,0,0.00,0.00,0.00,0.00,NS,GREEN,7,30
2026-03-27_13-40-32,0,0,0,0,0,0.00,0.00,0.00,0.00,NS,GREEN,6,30
2026-03-27_13-40-33,0,0,0,0,0,0.00,0.00,0.00,0.00,NS,GREEN,5,30
2026-03-27_13-40-34,0,0,0,0,0,0.00,0.00,0.00,0.00,NS,GREEN,4,30
2026-03-27_13-40-35,0,0,0,0,0,0.00,0.00,0.00,0.00,NS,GREEN,3,30
2026-03-27_13-40-36,0,0,0,0,0,0.00,0.00,0.00,0.00,NS,GREEN,2,30
2026-03-27_13-40-37,0,0,0,0,0,0.00,0.00,0.00,0.00,NS,GREEN,1,30
2026-03-27_13-40-38,0,0,0,0,0,0.00,0.00,0.00,0.00,NS,GREEN,0,30
2026-03-27_13-40-40,0,0,0,0,0,0.00,0.00,0.00,0.00,NS,YELLOW,3,30
2026-03-27_13-40-41,0,0,0,0,0,0.00,0.00,0.00,0.00,NS,YELLOW,2,30
2026-03-27_13-40-42,0,0,0,0,0,0.00,0.00,0.00,0.00,NS,YELLOW,1,30
2026-03-27_13-40-43,0,0,0,0,0,0.00,0.00,0.00,0.00,NS,YELLOW,0,30
2026-03-27_13-40-44,0,0,0,0,0,0.00,0.00,0.00,0.00,NS,ALL_RED,3,30
2026-03-27_13-40-45,0,0,0,0,0,0.00,0.00,0.00,0.00,NS,ALL_RED,1,30
2026-03-27_13-40-46,0,0,0,0,0,0.00,0.00,0.00,0.00,NS,ALL_RED,0,30
2026-03-27_13-40-47,0,0,0,0,0,0.00,0.00,0.00,0.00,EW,GREEN,30,30
2026-03-27_13-40-48,0,0,0,0,0,0.00,0.00,0.00,0.00,EW,GREEN,29,30
2026-03-27_13-40-49,0,0,0,0,0,0.00,0.00,0.00,0.00,EW,GREEN,28,30
2026-03-27_13-40-50,0,0,0,0,0,0.00,0.00,0.00,0.00,EW,GREEN,27,30
2026-03-27_13-40-51,0,0,0,0,0,0.00,0.00,0.00,0.00,EW,GREEN,26,30
2026-03-27_13-40-52,0,0,0,0,0,0.00,0.00,0.00,0.00,EW,GREEN,24,30
2026-03-27_13-40-53,0,0,0,0,0,0.00,0.00,0.00,0.00,EW,GREEN,24,30
2026-03-27_13-40-55,0,0,0,0,0,0.00,0.00,0.00,0.00,EW,GREEN,22,30
2026-03-27_13-40-56,0,0,0,0,0,0.00,0.00,0.00,0.00,EW,GREEN,20,30
2026-03-27_13-40-57,0,0,0,0,0,0.00,0.00,0.00,0.00,EW,GREEN,19,30
2026-03-27_13-40-58,0,0,0,0,0,0.00,0.00,0.00,0.00,EW,GREEN,18,30
2026-03-27_13-40-59,0,0,0,0,0,0.00,0.00,0.00,0.00,EW,GREEN,17,30
2026-03-27_13-41-00,0,0,0,0,0,0.00,0.00,0.00,0.00,EW,GREEN,17,30
2026-03-27_13-41-01,0,0,0,0,0,0.00,0.00,0.00,0.00,EW,GREEN,16,30
2026-03-27_13-41-02,0,0,0,0,0,0.00,0.00,0.00,0.00,EW,GREEN,14,30
2026-03-27_13-41-03,0,0,0,0,0,0.00,0.00,0.00,0.00,EW,GREEN,14,30
2026-03-27_13-41-04,0,0,0,0,0,0.00,0.00,0.00,0.00,EW,GREEN,13,30
2026-03-27_13-41-05,0,0,0,0,0,0.00,0.00,0.00,0.00,EW,GREEN,12,30
2026-03-27_13-41-06,0,0,0,0,0,0.00,0.00,0.00,0.00,EW,GREEN,11,30
2026-03-27_13-41-07,0,0,0,0,0,0.00,0.00,0.00,0.00,EW,GREEN,9,30
2026-03-27_13-41-08,0,0,0,0,0,0.00,0.00,0.00,0.00,EW,GREEN,8,30
2026-03-27_13-41-10,0,0,0,0,0,0.00,0.00,0.00,0.00,EW,GREEN,6,30
2026-03-27_13-41-11,0,0,0,0,0,0.00,0.00,0.00,0.00,EW,GREEN,5,30
2026-03-27_13-41-12,0,0,0,0,0,0.00,0.00,0.00,0.00,EW,GREEN,4,30
2026-03-27_13-41-13,0,0,0,0,0,0.00,0.00,0.00,0.00,EW,GREEN,4,30
2026-03-27_13-41-14,0,0,0,0,0,0.00,0.00,0.00,0.00,EW,GREEN,2,30
2026-03-27_13-41-15,0,0,0,0,0,0.00,0.00,0.00,0.00,EW,GREEN,2,30
2026-03-27_13-41-16,0,0,0,0,0,0.00,0.00,0.00,0.00,EW,GREEN,1,30
2026-03-27_13-41-17,0,0,0,0,0,0.00,0.00,0.00,0.00,EW,GREEN,0,30
2026-03-27_13-41-18,0,0,0,0,0,0.00,0.00,0.00,0.00,EW,YELLOW,2,30
2026-03-27_13-41-19,0,0,0,0,0,0.00,0.00,0.00,0.00,EW,YELLOW,1,30
2026-03-27_13-41-20,0,0,0,0,0,0.00,0.00,0.00,0.00,EW,YELLOW,0,30
2026-03-27_13-41-21,0,0,0,0,0,0.00,0.00,0.00,0.00,EW,ALL_RED,2,30
2026-03-27_13-41-22,0,0,0,0,0,0.00,0.00,0.00,0.00,EW,ALL_RED,1,30
2026-03-27_13-41-23,0,0,0,0,0,0.00,0.00,0.00,0.00,EW,ALL_RED,0,30
2026-03-27_13-41-24,0,0,0,0,0,0.00,0.00,0.00,0.00,NS,GREEN,30,30
2026-03-27_13-41-26,0,0,0,0,0,0.00,0.00,0.00,0.00,NS,GREEN,28,30
2026-03-27_13-41-27,0,0,0,0,0,0.00,0.00,0.00,0.00,NS,GREEN,27,30
2026-03-27_13-41-28,0,0,0,0,0,0.00,0.00,0.00,0.00,NS,GREEN,26,30
2026-03-29_17-22-12,0,0,0,0,0,0.00,0.00,0.00,0.00,NS,ALL_RED,0,10
2026-03-29_17-22-13,0,0,0,0,0,0.00,0.00,0.00,0.00,NS,GREEN,29,30
2026-03-29_17-22-14,0,0,0,0,0,0.00,0.00,0.00,0.00,NS,GREEN,28,30
2026-03-29_17-22-15,0,0,0,0,0,0.00,0.00,0.00,0.00,NS,GREEN,27,30
2026-03-29_17-22-16,0,0,0,0,0,0.00,0.00,0.00,0.00,NS,GREEN,26,30
2026-03-29_17-22-17,0,0,0,0,0,0.00,0.00,0.00,0.00,NS,GREEN,25,30
2026-03-29_17-22-18,0,0,0,0,0,0.00,0.00,0.00,0.00,NS,GREEN,24,30
2026-03-29_17-22-19,0,0,0,0,0,0.00,0.00,0.00,0.00,NS,GREEN,23,30
2026-03-29_17-22-20,0,0,0,0,0,0.00,0.00,0.00,0.00,NS,GREEN,22,30
2026-03-29_17-22-21,0,0,0,0,0,0.00,0.00,0.00,0.00,NS,GREEN,21,30
2026-03-29_17-22-25,0,0,0,0,0,0.00,0.00,0.00,0.00,NS,GREEN,17,30
2026-03-29_17-22-26,0,0,0,0,0,0.00,0.00,0.00,0.00,NS,GREEN,16,30
2026-03-29_17-22-27,0,0,0,0,0,0.00,0.00,0.00,0.00,NS,GREEN,15,30
2026-03-29_17-22-28,0,0,0,0,0,0.00,0.00,0.00,0.00,NS,GREEN,14,30
2026-03-29_17-22-29,0,0,0,0,0,0.00,0.00,0.00,0.00,NS,GREEN,13,30
2026-03-29_17-22-30,0,0,0,0,0,0.00,0.00,0.00,0.00,NS,GREEN,12,30
2026-03-29_17-22-31,0,0,0,0,0,0.00,0.24,0.00,0.00,NS,GREEN,11,30
2026-03-29_17-22-32,0,0,0,0,0,0.00,0.24,0.00,0.00,NS,GREEN,10,30
2026-03-29_17-22-33,0,1,0,0,0,0.00,0.48,0.00,0.00,NS,GREEN,9,30
2026-03-29_17-22-34,0,0,0,0,0,0.00,0.72,0.00,0.00,NS,GREEN,8,30
2026-03-29_17-22-35,0,0,0,0,0,0.00,0.72,0.00,0.00,NS,GREEN,7,30
2026-03-29_17-22-36,0,0,0,0,0,0.00,0.94,0.00,0.00,NS,GREEN,6,30
2026-03-29_17-22-39,0,0,0,0,0,0.00,1.18,0.00,0.00,NS,GREEN,2,30
2026-03-29_17-22-40,0,0,0,0,0,0.00,1.18,0.00,0.00,NS,GREEN,2,30
2026-03-29_17-22-41,0,0,0,3,0,0.00,1.18,0.00,0.00,NS,GREEN,0,30
2026-03-29_17-22-42,0,0,0,3,0,0.00,1.18,0.00,0.00,NS,GREEN,2,30
2026-03-29_17-22-43,0,1,0,2,0,0.00,1.89,0.00,0.00,NS,GREEN,1,30
2026-03-29_17-22-44,0,4,0,3,0,0.00,4.55,0.00,0.00,NS,GREEN,0,30
2026-03-29_17-22-45,0,0,0,0,1,0.00,5.74,0.00,0.00,NS,YELLOW,2,30
2026-03-29_17-22-46,0,0,0,0,0,0.00,5.74,0.00,0.00,NS,YELLOW,1,30
2026-03-29_17-22-47,0,3,0,1,0,0.00,6.89,0.00,0.00,NS,YELLOW,0,30
2026-03-29_17-22-48,0,0,0,0,0,0.00,8.33,0.00,0.00,NS,ALL_RED,2,30
2026-03-29_17-22-49,0,0,0,0,0,0.00,8.33,0.00,0.00,NS,ALL_RED,1,30
2026-03-29_17-22-50,0,0,0,0,0,0.00,8.33,0.00,0.00,NS,ALL_RED,0,30
2026-03-29_17-22-51,0,0,0,0,0,0.00,8.33,0.00,0.00,EW,GREEN,29,30
2026-03-29_17-22-54,0,0,0,0,0,0.00,8.33,0.00,0.00,EW,GREEN,26,30
2026-03-29_17-22-55,0,0,0,0,0,0.00,8.33,0.00,0.00,EW,GREEN,25,30
2026-03-29_17-22-56,0,0,0,0,0,0.00,8.33,0.00,0.00,EW,GREEN,24,30
2026-03-29_17-23-21,0,0,0,0,0,0.00,0.00,0.00,0.00,NS,ALL_RED,0,10
2026-03-29_17-23-22,0,0,0,0,0,0.00,0.00,0.00,0.00,NS,GREEN,30,30
2026-03-29_17-23-23,0,0,0,0,0,0.00,0.00,0.00,0.00,NS,GREEN,29,30
2026-03-29_17-23-24,0,0,0,0,0,0.00,0.00,0.00,0.00,NS,GREEN,27,30
2026-03-29_17-23-25,0,1,0,0,1,0.00,1.15,0.00,0.00,NS,GREEN,26,30
2026-03-29_17-23-26,1,0,0,0,1,0.78,1.66,0.00,0.00,NS,GREEN,25,30
2026-03-29_17-23-27,0,1,1,0,0,1.53,2.40,0.00,0.00,NS,GREEN,24,30
2026-03-29_17-23-28,0,1,0,0,0,1.78,3.41,0.00,0.00,NS,GREEN,23,30
2026-03-29_17-23-29,0,1,1,0,0,1.78,4.39,0.00,0.00,NS,GREEN,22,30
2026-03-29_17-23-30,1,1,1,1,0,2.50,5.11,0.00,0.00,NS,GREEN,21,30
2026-03-29_17-23-31,1,1,1,1,0,2.73,6.10,0.00,0.00,NS,GREEN,20,30
2026-03-29_17-23-32,0,1,1,1,0,2.73,7.07,0.00,0.00,NS,GREEN,20,30
2026-03-29_17-23-33,0,1,1,1,0,2.73,8.05,0.00,0.00,NS,GREEN,19,30
2026-03-29_17-23-34,0,1,1,1,0,2.73,9.25,0.00,0.00,NS,GREEN,17,30
2026-03-29_17-23-35,0,1,1,1,1,2.98,10.22,0.00,0.00,NS,GREEN,16,30
2026-03-29_17-23-36,0,1,1,1,1,2.98,11.27,0.00,0.00,NS,GREEN,15,30
2026-03-29_17-23-38,0,1,1,1,0,2.98,14.02,0.00,0.00,NS,GREEN,13,30
2026-03-29_17-23-39,1,1,1,1,0,3.45,14.49,0.00,0.00,NS,GREEN,12,30
2026-03-29_17-23-40,0,1,1,0,0,3.45,15.08,0.00,0.00,NS,GREEN,11,30
2026-03-29_17-23-41,0,1,1,1,0,3.45,16.07,0.00,0.00,NS,GREEN,11,30
2026-03-29_17-23-42,0,1,1,1,0,3.94,17.26,0.00,0.00,NS,GREEN,9,30
2026-03-29_17-23-43,0,1,0,0,1,3.94,18.22,0.00,0.00,NS,GREEN,8,30
2026-03-29_17-23-44,1,1,0,0,1,4.66,19.19,0.00,0.00,NS,GREEN,7,30
2026-03-29_17-23-45,1,1,0,0,1,5.62,19.68,0.00,0.00,NS,GREEN,6,30
2026-03-29_17-23-46,1,1,0,0,2,6.62,20.67,0.00,0.00,NS,GREEN,5,30
2026-03-29_17-23-47,1,1,1,0,1,7.58,21.64,0.00,0.00,NS,GREEN,4,30
2026-03-29_17-23-48,1,1,1,0,1,8.55,22.60,0.00,0.00,NS,GREEN,3,30
2026-03-29_17-23-49,3,3,1,0,3,10.25,24.56,0.00,0.00,NS,GREEN,3,30
2026-03-29_17-23-50,1,2,0,1,3,11.75,26.55,0.00,0.00,NS,GREEN,2,30
2026-03-29_17-23-51,0,1,2,1,5,11.75,28.28,0.00,0.00,NS,GREEN,0,30
2026-03-29_17-23-53,0,1,1,1,5,11.75,30.97,0.00,0.00,NS,YELLOW,3,30
2026-03-29_17-23-54,1,1,1,1,1,12.07,31.30,0.00,0.00,NS,YELLOW,2,30
2026-03-29_17-23-55,1,0,1,1,1,12.32,31.95,0.00,0.00,NS,YELLOW,1,30
2026-03-29_17-23-56,1,0,1,1,1,13.34,31.95,0.00,0.00,NS,YELLOW,0,30
2026-03-29_17-23-57,1,1,1,1,1,14.31,32.19,0.00,0.00,NS,ALL_RED,3,30
2026-03-29_17-23-58,1,0,1,1,1,15.32,32.46,0.00,0.00,NS,ALL_RED,1,30
2026-03-29_17-23-59,1,0,1,1,1,16.56,32.46,0.00,0.00,NS,ALL_RED,1,30
2026-03-29_17-24-00,1,0,2,1,1,17.53,32.46,0.00,0.00,NS,ALL_RED,0,30
2026-03-29_17-24-01,1,0,1,1,1,17.37,32.21,0.22,0.45,EW,GREEN,29,30
2026-03-29_17-24-02,1,0,1,0,1,16.42,31.22,0.46,0.70,EW,GREEN,28,30
2026-03-29_17-24-03,1,2,0,0,1,16.16,30.23,0.95,0.70,EW,GREEN,27,30
2026-03-29_17-24-04,0,2,0,0,2,15.39,28.21,0.95,0.70,EW,GREEN,26,30
2026-03-29_17-24-05,1,2,0,0,1,14.41,26.25,0.95,0.70,EW,GREEN,27,30
2026-03-29_17-24-06,1,2,0,0,2,13.40,24.23,0.95,0.70,EW,GREEN,26,30
2026-03-29_17-24-08,1,2,0,0,2,10.50,18.43,0.95,0.70,EW,GREEN,25,30
2026-03-29_17-24-09,1,2,1,0,1,10.18,17.81,1.26,0.70,EW,GREEN,25,30
2026-03-29_17-24-10,1,2,0,0,1,9.39,16.22,1.81,0.70,EW,GREEN,24,30
2026-03-29_17-24-11,1,2,0,0,1,8.36,14.16,1.81,0.70,EW,GREEN,25,30
2026-03-29_17-24-12,2,1,1,1,1,7.14,13.17,2.80,1.68,EW,GREEN,24,30
2026-03-29_17-24-13,0,1,1,1,1,6.41,12.19,3.78,2.66,EW,GREEN,23,30
2026-03-29_17-24-14,0,1,1,0,1,6.41,11.05,4.92,3.16,EW,GREEN,22,30
2026-03-29_17-24-15,2,1,1,1,0,5.04,10.24,5.72,3.72,EW,GREEN,21,30
2026-03-29_17-24-17,1,1,1,1,0,2.58,7.78,8.19,6.18,EW,GREEN,18,30
2026-03-29_17-24-18,1,2,1,1,0,1.69,6.00,9.07,7.07,EW,GREEN,18,30
2026-03-29_17-24-19,1,2,1,1,0,0.97,4.57,9.79,7.79,EW,GREEN,17,30
2026-03-29_17-24-22,1,2,1,1,0,0.00,0.00,13.56,11.56,EW,GREEN,13,30
2026-03-29_17-24-23,1,2,1,1,0,0.00,0.00,13.97,11.96,EW,GREEN,13,30
2026-03-29_17-24-24,1,2,1,1,0,0.00,0.00,14.87,12.87,EW,GREEN,12,30
2026-03-29_17-24-25,1,2,1,1,0,0.00,0.00,15.90,13.90,EW,GREEN,11,30
2026-03-29_17-24-26,1,2,1,1,0,0.00,0.00,16.93,14.93,EW,GREEN,10,30
2026-03-29_17-24-27,0,1,0,0,1,0.00,0.00,17.20,15.44,EW,GREEN,9,30
2026-03-29_17-24-28,0,0,1,1,0,0.00,0.00,17.49,15.74,EW,GREEN,8,30
2026-03-29_17-24-29,0,0,0,0,0,0.00,0.00,17.76,15.74,EW,GREEN,7,30
2026-03-29_17-27-09,0,0,0,0,0,0.00,0.00,0.00,0.00,NS,ALL_RED,0,10
2026-03-29_17-27-10,1,1,0,1,0,0.28,0.28,0.00,0.00,NS,GREEN,14,15
2026-03-29_17-27-11,1,2,0,1,0,1.40,1.67,0.00,0.00,NS,GREEN,13,15
2026-03-29_17-27-12,1,1,1,0,1,2.46,2.73,0.00,0.00,NS,GREEN,12,15
2026-03-29_17-27-13,0,0,0,0,1,3.01,2.73,0.00,0.00,NS,GREEN,11,15
2026-03-29_17-27-14,0,1,1,0,2,3.01,3.80,0.00,0.00,NS,GREEN,10,15
2026-03-29_17-27-15,0,1,1,0,2,3.01,4.92,0.00,0.00,NS,GREEN,9,15
2026-03-29_17-27-16,0,1,1,0,2,3.01,5.88,0.00,0.00,NS,GREEN,8,15
2026-03-29_17-27-20,0,1,1,0,2,3.01,10.47,0.00,0.00,NS,GREEN,3,15
2026-03-29_17-27-21,0,1,2,0,1,3.01,10.83,0.00,0.00,NS,GREEN,3,15
2026-03-29_17-27-22,1,0,1,0,1,3.28,10.83,0.00,0.00,NS,GREEN,2,15
2026-03-29_17-27-23,0,0,0,1,0,4.13,11.69,0.00,0.00,NS,GREEN,1,15
2026-03-29_17-27-24,0,1,1,0,0,4.13,12.80,0.00,0.00,NS,GREEN,0,15
2026-03-29_17-27-25,1,1,1,0,0,4.43,13.65,0.00,0.00,NS,YELLOW,2,15
2026-03-29_17-27-26,0,1,0,0,0,5.23,14.71,0.00,0.00,NS,YELLOW,1,15
2026-03-29_17-27-27,0,1,1,0,0,5.23,15.72,0.00,0.00,NS,YELLOW,0,15
2026-03-29_17-27-28,0,1,0,0,0,5.23,16.74,0.00,0.00,NS,ALL_RED,2,15
2026-03-29_17-27-29,0,1,0,0,0,5.23,17.78,0.00,0.00,NS,ALL_RED,1,15
2026-03-29_17-27-30,0,1,0,0,0,5.23,18.81,0.00,0.00,NS,ALL_RED,0,15
2026-03-29_17-27-31,0,1,0,0,0,5.23,19.68,0.00,0.00,EW,GREEN,15,15
2026-03-29_17-27-33,0,1,0,0,0,5.23,17.34,0.00,0.00,EW,GREEN,12,15
2026-03-29_17-27-34,0,1,0,0,0,5.23,16.16,0.00,0.00,EW,GREEN,11,15
2026-03-29_17-27-35,0,1,0,0,0,5.23,15.62,0.00,0.00,EW,GREEN,10,15
2026-03-29_17-27-36,0,1,1,1,1,5.23,14.58,1.04,0.30,EW,GREEN,9,15
2026-03-29_17-27-37,0,1,2,2,2,5.23,13.73,2.16,1.71,EW,GREEN,9,15
2026-03-29_17-27-38,0,2,1,2,2,5.23,12.09,3.83,3.92,EW,GREEN,5,15
2026-03-29_17-27-39,0,2,1,2,1,5.23,9.96,4.63,5.78,EW,GREEN,4,15
2026-03-29_17-27-40,0,2,1,2,1,5.23,8.29,5.19,7.45,EW,GREEN,4,15
2026-03-29_17-27-41,0,2,0,2,1,5.23,6.09,5.73,9.66,EW,GREEN,2,15
2026-03-29_17-27-42,0,1,0,1,0,5.23,4.16,6.28,11.58,EW,GREEN,1,15
2026-03-29_17-27-43,0,1,1,1,1,5.23,3.63,6.82,12.38,EW,GREEN,1,15
2026-03-29_17-27-44,0,1,1,1,1,5.23,2.54,7.63,13.47,EW,YELLOW,3,15
2026-03-29_17-27-45,0,1,1,1,1,5.23,1.44,8.72,14.57,EW,YELLOW,1,15
2026-03-29_17-27-46,0,1,1,0,1,5.23,0.57,9.59,15.11,EW,YELLOW,1,15
2026-03-29_17-27-48,0,1,2,1,1,5.23,0.00,14.95,17.79,EW,ALL_RED,3,15
2026-03-29_17-27-49,0,1,2,1,1,5.23,0.00,16.83,18.73,EW,ALL_RED,2,15
2026-03-29_17-27-50,0,1,2,2,2,5.23,0.00,17.86,19.76,EW,ALL_RED,1,15
2026-03-29_17-27-51,0,1,2,1,3,5.23,0.00,19.66,20.99,EW,ALL_RED,0,15
2026-03-29_17-27-52,0,1,2,2,3,5.23,0.00,21.43,22.20,NS,GREEN,15,15
2026-03-29_17-27-53,0,1,2,2,3,5.23,1.12,19.19,19.96,NS,GREEN,13,15
2026-03-29_17-27-54,0,1,2,1,3,5.23,2.18,17.07,18.10,NS,GREEN,12,15
2026-03-29_17-27-55,0,1,2,2,3,5.23,2.98,15.46,16.49,NS,GREEN,12,15
2026-03-29_17-27-56,0,1,2,2,3,5.23,4.08,13.82,14.31,NS,GREEN,10,15
2026-03-29_17-27-57,0,1,2,2,3,5.23,5.15,11.94,12.16,NS,GREEN,9,15
2026-03-29_17-27-58,0,1,1,1,2,5.23,6.21,10.35,10.31,NS,GREEN,8,15
2026-03-29_17-27-59,0,2,1,1,2,5.23,7.36,9.22,9.46,NS,GREEN,7,15
2026-03-29_17-28-00,0,1,1,1,2,5.23,9.23,7.88,8.38,NS,GREEN,6,15
2026-03-29_17-28-01,0,2,1,1,2,5.23,10.66,5.96,7.26,NS,GREEN,7,15
2026-03-29_17-28-04,0,2,1,1,2,5.23,16.63,2.98,4.28,NS,GREEN,4,15
2026-03-29_17-28-05,0,2,2,1,2,5.23,18.70,0.91,3.24,NS,GREEN,3,15
2026-03-29_17-28-06,0,1,1,1,3,5.23,20.24,0.00,2.33,NS,GREEN,2,15
2026-03-29_17-28-07,0,3,1,1,2,5.23,22.15,0.00,1.51,NS,GREEN,1,15
2026-03-29_17-28-08,0,2,1,1,2,5.23,24.29,0.00,0.44,NS,GREEN,0,15
2026-03-29_17-28-09,0,2,2,1,2,5.23,26.53,0.00,0.00,NS,YELLOW,3,15
2026-03-29_17-28-10,0,2,3,1,2,5.23,28.17,0.00,0.00,NS,YELLOW,2,15
2026-03-29_17-28-11,0,2,2,1,2,5.23,30.37,0.00,0.00,NS,YELLOW,1,15
2026-03-29_17-28-12,0,2,1,1,2,5.23,32.51,0.00,0.00,NS,YELLOW,0,15
2026-03-29_17-28-13,0,2,2,1,1,5.23,34.19,0.00,0.00,NS,ALL_RED,2,15
2026-03-29_17-28-14,0,2,2,1,1,5.23,36.30,0.00,0.00,NS,ALL_RED,1,15
2026-03-29_17-28-15,0,2,2,1,1,5.23,38.48,0.00,0.00,NS,ALL_RED,0,15
2026-03-29_17-28-16,0,2,1,0,1,5.23,37.94,0.56,0.00,EW,GREEN,14,15
2026-03-29_17-28-19,0,2,2,0,1,5.23,31.57,6.61,0.00,EW,GREEN,11,15
2026-03-29_17-28-20,0,2,2,1,1,5.23,29.67,8.09,0.53,EW,GREEN,10,15
2026-03-29_17-28-21,0,2,1,0,1,5.23,27.90,8.98,0.53,EW,GREEN,9,15
2026-03-29_17-28-22,0,2,1,0,1,5.23,25.76,10.32,0.53,EW,GREEN,8,15
2026-03-29_17-28-23,0,2,1,0,1,4.97,23.63,11.38,0.53,EW,GREEN,7,15
2026-03-29_17-28-24,0,2,1,0,1,4.97,22.05,12.17,0.53,EW,GREEN,6,15
2026-03-29_17-28-25,0,2,2,0,1,4.97,19.90,13.77,0.53,EW,GREEN,5,15
2026-03-29_17-28-26,0,2,1,0,1,4.97,17.74,15.39,0.53,EW,GREEN,4,15
2026-03-29_17-28-27,0,2,1,0,1,4.97,15.63,16.44,0.53,EW,GREEN,3,15
2026-03-29_17-28-28,0,2,2,0,1,4.97,14.02,18.06,0.53,EW,GREEN,2,15
2026-03-29_17-28-29,1,3,0,1,2,3.88,11.58,18.61,0.79,EW,GREEN,1,15
2026-03-29_17-28-30,1,3,0,1,2,2.83,8.43,19.41,1.84,EW,GREEN,0,15
2026-03-29_17-28-31,1,2,0,0,2,1.98,6.45,19.41,1.84,EW,YELLOW,2,15
2026-03-29_17-28-34,1,3,0,0,2,0.00,0.00,19.41,1.84,EW,ALL_RED,3,15
2026-03-29_17-28-35,1,2,0,0,2,0.00,0.00,19.41,1.84,EW,ALL_RED,1,15
2026-03-29_17-28-36,2,3,0,0,2,0.00,0.00,19.73,2.16,EW,ALL_RED,0,15
2026-03-29_17-28-37,2,3,1,1,2,0.00,0.00,20.00,2.71,NS,GREEN,15,15
2026-03-29_17-28-38,2,3,1,1,2,1.11,2.52,19.16,1.87,NS,GREEN,14,15
2026-03-29_17-28-39,2,3,0,1,2,3.51,5.83,19.16,0.67,NS,GREEN,10,15
2026-03-29_17-28-42,2,3,0,1,2,9.36,14.61,19.16,0.00,NS,GREEN,6,15
2026-03-29_17-28-43,1,2,1,1,2,10.50,16.88,18.02,0.00,NS,GREEN,4,15
2026-03-29_17-28-44,2,2,0,0,2,12.78,19.17,18.02,0.00,NS,GREEN,1,15
2026-03-29_17-28-45,1,2,0,0,2,13.42,20.44,18.02,0.00,NS,GREEN,1,15
2026-03-29_17-28-46,2,3,1,1,2,16.23,24.66,17.02,0.00,NS,YELLOW,3,15
2026-03-29_17-28-47,2,2,0,0,2,17.64,26.07,17.02,0.00,NS,YELLOW,2,15
2026-03-29_17-28-48,2,2,0,0,2,18.76,27.78,17.02,0.00,NS,YELLOW,1,15
2026-03-29_17-28-49,1,2,0,0,2,20.11,29.92,17.02,0.00,NS,YELLOW,0,15
2026-03-29_17-28-50,1,2,0,0,2,21.21,32.12,17.02,0.00,NS,ALL_RED,2,15
2026-03-29_17-28-51,1,2,0,0,2,22.06,33.81,17.02,0.00,NS,ALL_RED,1,15
2026-03-29_17-28-52,1,2,0,0,2,23.13,35.96,17.02,0.00,NS,ALL_RED,0,15
2026-03-29_17-28-53,1,2,0,0,2,23.40,36.50,17.02,0.00,EW,GREEN,14,15
2026-03-29_17-28-54,1,2,0,0,2,22.32,34.34,17.29,0.00,EW,GREEN,13,15
2026-03-29_17-28-55,1,2,0,0,2,21.27,32.25,17.29,0.00,EW,GREEN,14,15
2026-03-29_17-28-56,1,2,0,0,2,20.11,29.92,17.29,0.00,EW,GREEN,13,15
2026-03-29_17-28-57,1,2,1,0,2,19.29,28.29,17.59,0.00,EW,GREEN,12,15
2026-03-29_17-28-58,1,2,0,0,2,18.18,26.06,17.59,0.00,EW,GREEN,11,15
2026-03-29_17-28-59,1,2,0,0,2,17.36,24.42,17.59,0.00,EW,GREEN,10,15
2026-03-29_17-29-00,0,3,0,0,1,16.54,21.98,18.13,0.00,EW,GREEN,11,15
2026-03-29_17-29-01,0,1,2,1,3,16.24,20.30,19.70,1.34,EW,GREEN,10,15
2026-03-29_17-29-02,0,1,2,1,3,16.24,19.22,21.34,2.42,EW,GREEN,9,15
2026-03-29_17-29-03,0,1,1,1,2,16.24,18.40,22.95,3.24,EW,GREEN,8,15
2026-03-29_17-29-04,0,1,3,1,2,16.24,17.30,25.12,4.34,EW,GREEN,7,15
2026-03-29_17-29-05,0,1,3,1,3,16.24,16.26,27.73,5.38,EW,GREEN,6,15
2026-03-29_17-29-06,0,1,3,1,2,16.24,15.43,29.66,6.21,EW,GREEN,5,15
2026-03-29_17-29-07,0,1,3,1,2,16.24,14.08,32.34,7.55,EW,GREEN,4,15
2026-03-29_17-29-08,0,1,2,1,1,16.24,12.70,35.09,8.65,EW,GREEN,3,15
2026-03-29_17-29-09,0,2,1,2,2,15.98,11.12,36.16,9.69,EW,GREEN,2,15
2026-03-29_17-29-10,0,2,0,0,1,15.98,9.30,36.69,10.23,EW,GREEN,1,15
2026-03-29_17-29-11,1,1,0,1,1,14.94,8.28,36.69,11.00,EW,GREEN,0,15
2026-03-29_17-29-12,1,2,0,0,1,13.90,6.71,36.69,11.78,EW,YELLOW,2,15
2026-03-29_17-29-13,1,2,0,1,1,12.83,4.57,36.69,12.33,EW,YELLOW,1,15
2026-03-29_17-29-14,1,2,0,0,1,12.04,3.26,36.69,12.85,EW,YELLOW,0,15
2026-03-29_17-29-15,1,2,1,0,1,10.95,1.08,37.23,12.85,EW,ALL_RED,3,15
2026-03-29_17-29-16,1,2,0,0,1,9.80,0.00,37.23,12.85,EW,ALL_RED,1,15
2026-03-29_17-29-17,1,2,0,0,1,8.94,0.00,37.23,12.85,EW,ALL_RED,0,15
2026-03-29_17-29-18,1,2,0,0,1,7.81,0.00,37.23,12.85,NS,GREEN,15,15
2026-03-29_17-29-19,1,2,0,0,2,8.62,1.62,37.23,12.85,NS,GREEN,14,15
2026-03-29_17-29-20,1,2,0,0,2,9.67,3.71,37.23,12.85,NS,GREEN,13,15
2026-03-29_17-29-21,1,2,0,0,1,10.76,5.90,37.23,12.85,NS,GREEN,10,15
2026-03-29_17-29-22,2,2,0,0,2,12.10,8.05,37.23,12.85,NS,GREEN,8,15
2026-03-29_17-29-23,1,2,0,0,1,13.15,9.63,37.23,12.85,NS,GREEN,6,15
2026-03-29_17-29-24,1,2,0,0,1,14.24,11.80,37.23,12.85,NS,GREEN,5,15
2026-03-29_17-29-25,1,2,0,0,1,15.33,13.99,37.23,12.85,NS,GREEN,2,15
2026-03-29_17-29-26,1,2,0,0,2,16.38,15.56,37.23,12.85,NS,GREEN,1,15
2026-03-29_17-29-27,2,2,0,0,1,18.70,17.88,37.23,12.85,NS,GREEN,1,15
2026-03-29_17-29-28,2,2,0,0,2,20.88,20.05,37.23,12.85,NS,YELLOW,3,15
2026-03-29_17-29-29,1,2,0,0,2,21.74,21.77,37.23,12.85,NS,YELLOW,2,15
2026-03-29_17-29-30,2,2,0,0,2,23.09,23.93,37.23,12.85,NS,YELLOW,1,15
2026-03-29_17-29-31,2,2,0,0,2,24.45,25.65,37.23,12.85,NS,YELLOW,0,15
2026-03-29_17-29-33,1,2,0,0,2,27.26,31.27,37.23,12.85,NS,ALL_RED,0,15
2026-03-29_17-29-34,1,2,0,0,2,27.66,32.06,37.23,12.85,NS,ALL_RED,0,15
2026-03-29_17-29-35,1,2,0,0,1,27.62,31.98,37.23,12.85,EW,GREEN,14,15
2026-03-29_17-29-38,1,2,0,0,1,24.66,26.07,37.23,12.85,EW,GREEN,13,15
2026-03-29_17-29-39,1,2,0,0,2,23.67,24.09,37.23,12.85,EW,GREEN,12,15
2026-03-29_17-29-40,1,2,0,0,1,22.55,21.85,37.23,12.85,EW,GREEN,13,15
2026-03-29_17-29-41,1,2,0,0,1,21.69,20.12,37.23,12.85,EW,GREEN,12,15
2026-03-29_17-29-42,1,2,0,0,2,20.79,18.32,37.23,12.85,EW,GREEN,11,15
2026-03-29_17-29-43,1,2,0,0,1,19.65,16.05,37.23,12.85,EW,GREEN,12,15
2026-03-29_17-29-44,1,2,0,0,1,18.76,14.26,37.23,12.85,EW,GREEN,11,15
2026-03-29_17-29-45,1,2,0,0,1,17.68,12.10,37.23,12.85,EW,GREEN,12,15
2026-03-29_17-29-46,1,2,0,0,1,16.57,9.87,37.23,12.85,EW,GREEN,11,15
2026-03-29_17-29-47,1,2,0,0,1,15.76,8.27,37.23,12.85,EW,GREEN,12,15
2026-03-29_17-29-48,1,2,0,0,1,14.70,6.13,37.23,12.85,EW,GREEN,11,15
2026-03-29_17-29-49,1,2,0,0,1,13.64,4.03,37.23,12.85,EW,GREEN,12,15
2026-03-29_17-29-50,0,2,0,0,1,13.12,1.86,37.23,12.85,EW,GREEN,11,15
2026-03-29_17-29-51,0,2,0,0,1,13.12,0.29,37.23,12.85,EW,GREEN,10,15
2026-03-29_17-29-52,0,2,0,0,1,13.12,0.00,37.23,12.85,EW,GREEN,9,15
2026-03-29_17-29-53,0,2,0,0,1,13.12,0.00,37.23,12.85,EW,GREEN,8,15
2026-03-29_17-29-54,0,2,0,0,2,13.12,0.00,37.23,12.85,EW,GREEN,7,15
2026-03-29_17-29-55,0,2,0,0,2,13.12,0.00,37.23,12.85,EW,GREEN,6,15
2026-03-29_17-29-56,0,2,0,0,2,13.12,0.00,37.50,12.85,EW,GREEN,5,15
2026-03-29_17-29-57,1,2,0,0,2,12.74,0.00,37.50,12.85,EW,GREEN,4,15
2026-03-29_17-29-59,0,2,0,0,2,12.45,0.00,37.50,12.85,EW,GREEN,1,15
2026-03-29_17-30-00,0,2,0,0,2,12.45,0.00,37.50,12.85,EW,GREEN,0,15
2026-03-29_17-30-01,0,2,0,0,2,12.45,0.00,37.50,12.85,EW,GREEN,0,15
2026-03-29_17-30-02,1,2,0,0,2,12.16,0.00,37.50,12.85,EW,YELLOW,2,15
2026-03-29_17-30-05,1,2,0,0,2,9.00,0.00,37.50,12.85,EW,ALL_RED,3,15
2026-03-29_17-30-06,0,2,0,0,2,9.00,0.00,37.50,12.85,EW,ALL_RED,2,15
2026-03-29_17-30-07,1,2,1,0,2,8.71,0.00,38.49,13.20,EW,ALL_RED,1,15
2026-03-29_17-30-08,1,2,0,0,2,7.88,0.00,38.49,13.20,EW,ALL_RED,0,15
2026-03-29_17-30-09,0,2,1,0,2,8.15,1.60,38.23,13.20,NS,GREEN,14,15
2026-03-29_17-30-10,0,2,0,0,1,8.15,3.46,38.23,13.20,NS,GREEN,13,15
2026-03-29_17-30-11,0,2,0,0,1,8.15,5.50,37.73,13.20,NS,GREEN,12,15
2026-03-29_17-30-12,0,2,1,1,2,8.15,7.55,37.49,12.95,NS,GREEN,11,15
2026-03-29_17-30-13,0,2,0,0,1,8.15,9.10,36.96,12.95,NS,GREEN,10,15
2026-03-29_17-30-14,0,2,0,0,1,8.15,11.18,36.96,12.17,NS,GREEN,9,15
2026-03-29_17-30-15,0,2,1,0,1,8.15,13.28,36.44,12.17,NS,GREEN,8,15
2026-03-29_17-30-16,0,2,0,0,1,8.15,15.35,36.17,11.92,NS,GREEN,7,15
2026-03-29_17-30-17,0,2,0,0,1,8.15,17.42,36.17,11.92,NS,GREEN,6,15
2026-03-29_17-30-18,0,2,1,0,1,8.15,19.52,35.91,11.92,NS,GREEN,5,15
2026-03-29_17-30-19,0,2,1,0,2,8.15,21.10,35.12,11.92,NS,GREEN,4,15
2026-03-29_17-30-20,0,2,1,0,1,8.15,23.19,34.07,11.92,NS,GREEN,3,15
2026-03-29_17-30-21,0,2,1,0,1,8.15,25.37,33.53,11.92,NS,GREEN,2,15
2026-03-29_17-30-22,0,1,0,0,1,8.15,26.78,33.26,11.92,NS,GREEN,1,15
2026-03-29_17-30-23,0,2,1,0,1,8.15,28.44,32.70,11.92,NS,GREEN,0,15
2026-03-29_17-30-24,0,2,1,0,1,8.15,30.51,31.67,11.92,NS,YELLOW,2,15
2026-03-29_17-30-25,0,2,0,1,1,8.15,32.47,31.38,11.63,NS,YELLOW,1,15
2026-03-29_17-30-26,0,2,0,0,1,8.15,33.85,31.38,11.63,NS,YELLOW,0,15
2026-03-29_17-30-27,0,2,0,0,1,8.15,35.99,31.38,11.63,NS,ALL_RED,2,15
2026-03-29_17-30-28,0,2,1,0,1,8.15,38.10,30.59,11.63,NS,ALL_RED,1,15
2026-03-29_17-30-29,0,2,0,0,1,8.15,40.19,30.05,11.63,NS,ALL_RED,0,15
2026-03-29_17-30-30,0,2,0,0,1,8.15,40.21,30.05,11.63,EW,GREEN,14,15
2026-03-29_17-30-31,0,2,0,0,1,8.15,38.68,30.05,11.63,EW,GREEN,13,15
2026-03-29_17-30-32,0,2,1,0,2,8.15,36.63,30.82,11.63,EW,GREEN,12,15
2026-03-29_17-30-33,0,2,0,0,1,8.15,34.56,31.08,11.63,EW,GREEN,11,15
2026-03-29_17-30-34,0,2,0,0,1,8.15,32.47,31.08,11.63,EW,GREEN,10,15
2026-03-29_17-30-35,0,2,0,0,1,8.15,30.38,31.08,11.63,EW,GREEN,9,15
2026-03-29_17-30-36,0,2,0,0,1,8.15,28.25,31.08,11.63,EW,GREEN,8,15
2026-03-29_17-30-37,1,2,1,0,1,7.63,26.66,31.34,11.63,EW,GREEN,7,15
2026-03-29_17-30-38,0,2,0,0,1,7.32,24.30,31.34,11.63,EW,GREEN,6,15
2026-03-29_17-30-39,1,2,0,0,1,6.51,22.67,31.34,11.63,EW,GREEN,5,15
2026-03-29_17-30-40,1,2,0,0,1,5.72,20.56,31.34,11.63,EW,GREEN,4,15
2026-03-29_17-30-41,1,2,0,0,1,5.47,18.44,31.34,11.63,EW,GREEN,3,15
2026-03-29_17-30-42,0,2,0,0,1,5.20,16.27,31.34,11.63,EW,GREEN,2,15
2026-03-29_17-30-43,0,2,0,0,1,4.91,14.63,31.34,11.63,EW,GREEN,3,15
2026-03-29_17-30-44,0,2,0,0,1,4.91,12.58,31.34,11.63,EW,GREEN,2,15
2026-03-29_17-30-45,1,2,0,0,1,3.85,10.45,31.34,11.63,EW,GREEN,3,15
2026-03-29_17-30-46,0,2,0,0,1,3.31,8.28,31.34,11.63,EW,GREEN,2,15
2026-03-29_17-30-47,0,2,0,0,1,2.77,6.20,31.34,11.63,EW,GREEN,3,15
2026-03-29_17-30-48,1,2,1,0,1,1.99,4.63,31.84,11.63,EW,GREEN,2,15
2026-03-29_17-30-49,1,2,0,0,1,0.93,2.52,32.38,11.63,EW,GREEN,1,15
2026-03-29_17-30-50,1,2,1,0,1,0.00,0.49,32.88,11.63,EW,GREEN,0,15
2026-03-29_17-30-51,1,2,0,0,1,0.00,0.00,33.69,11.63,EW,YELLOW,2,15
2026-03-29_17-30-52,1,2,0,0,1,0.00,0.00,34.21,11.63,EW,YELLOW,1,15
2026-03-29_17-30-53,1,2,1,0,1,0.00,0.00,34.98,11.63,EW,YELLOW,0,15
2026-03-29_17-30-54,1,2,0,0,1,0.00,0.00,35.48,11.63,EW,ALL_RED,2,15
2026-03-29_17-30-55,1,2,0,0,1,0.00,0.00,35.48,11.63,EW,ALL_RED,1,15
2026-03-29_17-30-56,1,2,1,0,1,0.00,0.00,36.25,11.63,EW,ALL_RED,0,15
2026-03-29_17-30-57,1,2,1,0,1,0.00,0.00,37.27,11.63,NS,GREEN,15,15
2026-03-29_17-30-58,1,2,1,0,1,0.99,1.98,36.52,11.63,NS,GREEN,14,15
2026-03-29_17-30-59,1,2,0,0,1,2.17,4.34,35.58,11.63,NS,GREEN,10,15
2026-03-29_17-31-15,0,0,0,0,0,0.00,0.00,0.00,0.00,NS,ALL_RED,0,10
2026-03-29_17-31-16,0,1,0,0,1,0.00,0.27,0.00,0.00,NS,ALL_RED,0,10
2026-03-29_17-31-17,0,1,1,1,1,0.00,1.05,0.00,0.00,NS,GREEN,14,15
2026-03-29_17-31-18,0,1,0,1,1,0.00,2.05,0.00,0.00,NS,GREEN,13,15
2026-03-29_17-31-19,1,1,0,2,0,0.48,2.76,0.00,0.00,NS,GREEN,12,15
2026-03-29_17-31-20,0,1,1,1,0,0.73,3.75,0.00,0.00,NS,GREEN,11,15
2026-03-29_17-31-21,0,1,1,1,0,0.73,4.74,0.00,0.00,NS,GREEN,10,15
2026-03-29_17-31-22,0,1,1,1,0,1.24,5.74,0.00,0.00,NS,GREEN,9,15
2026-03-29_17-31-23,0,1,1,1,0,1.49,6.70,0.00,0.00,NS,GREEN,8,15
2026-03-29_17-31-24,0,1,1,1,0,1.74,7.65,0.00,0.00,NS,GREEN,7,15
2026-03-29_17-31-25,1,1,1,1,0,1.97,8.37,0.00,0.00,NS,GREEN,6,15
2026-03-29_17-31-26,0,0,1,1,0,1.97,9.33,0.00,0.00,NS,GREEN,5,15
2026-03-29_17-31-27,0,1,1,0,0,1.97,10.26,0.00,0.00,NS,GREEN,4,15
2026-03-29_17-31-28,0,2,0,1,1,1.97,11.48,0.00,0.00,NS,GREEN,3,15
2026-03-29_17-31-29,1,0,1,1,1,2.21,11.95,0.00,0.00,NS,GREEN,2,15
2026-03-29_17-31-30,0,1,0,0,1,2.21,12.90,0.00,0.00,NS,GREEN,1,15
2026-03-29_17-31-32,1,1,1,1,0,4.09,15.26,0.00,0.00,NS,YELLOW,3,15
2026-03-29_17-31-33,1,1,1,1,0,5.70,16.86,0.00,0.00,NS,YELLOW,1,15
2026-03-29_17-31-34,1,1,1,1,0,6.09,17.25,0.00,0.00,NS,YELLOW,1,15
2026-03-29_17-31-35,1,1,2,1,1,6.87,17.49,0.00,0.00,NS,YELLOW,0,15
2026-03-29_17-31-36,1,0,2,1,1,7.93,18.30,0.00,0.00,NS,ALL_RED,2,15
2026-03-29_17-31-37,0,0,2,1,1,7.93,18.79,0.00,0.00,NS,ALL_RED,1,15
2026-03-29_17-31-38,0,0,2,1,1,7.93,19.28,0.00,0.00,NS,ALL_RED,0,15
2026-03-29_17-31-39,0,0,2,1,1,7.93,19.28,1.45,0.73,EW,GREEN,14,15
2026-03-29_17-31-40,1,0,2,1,1,7.21,19.28,3.41,1.70,EW,GREEN,13,15
2026-03-29_17-31-41,1,1,2,1,1,6.73,18.79,5.36,2.68,EW,GREEN,12,15
2026-03-29_17-31-42,0,0,2,1,1,6.73,18.79,7.24,3.62,EW,GREEN,11,15
2026-03-29_17-31-43,1,0,2,1,1,6.24,18.55,9.16,4.58,EW,GREEN,10,15
2026-03-29_17-31-44,2,1,2,1,1,4.56,17.59,11.09,5.54,EW,GREEN,9,15
2026-03-29_17-31-45,2,1,2,1,1,2.18,16.40,13.46,6.73,EW,GREEN,8,15
2026-03-29_17-31-47,0,0,2,1,1,1.68,16.15,17.41,8.70,EW,GREEN,4,15
2026-03-29_17-31-48,0,0,2,1,1,1.68,16.15,20.82,10.41,EW,GREEN,2,15
2026-03-29_17-31-49,1,0,2,1,1,1.32,16.15,21.55,10.77,EW,GREEN,2,15
2026-03-29_17-31-50,0,0,2,1,1,1.32,16.15,23.47,11.73,EW,GREEN,1,15
2026-03-29_17-31-51,1,0,2,1,1,0.35,15.42,25.17,12.70,EW,GREEN,0,15
2026-03-29_17-31-52,1,1,1,1,2,0.00,15.18,25.90,13.91,EW,YELLOW,2,15
2026-03-29_17-31-53,1,1,1,1,0,0.00,14.48,26.61,14.61,EW,YELLOW,1,15
2026-03-29_17-31-54,1,1,1,1,3,0.00,13.73,27.60,15.60,EW,YELLOW,0,15
2026-03-29_17-31-55,2,1,1,1,2,0.00,13.24,28.56,16.56,EW,ALL_RED,2,15
2026-03-29_17-31-56,1,1,1,1,2,0.00,12.23,29.32,17.57,EW,ALL_RED,1,15
2026-03-29_17-31-57,1,1,1,1,2,0.00,11.04,30.50,18.76,EW,ALL_RED,0,15
2026-03-29_17-31-58,2,1,1,1,2,0.51,10.59,30.72,19.21,NS,GREEN,14,15
2026-03-29_17-31-59,1,0,1,0,2,2.19,10.83,30.26,18.72,NS,GREEN,13,15
2026-03-29_17-32-00,1,1,0,0,1,3.15,11.54,29.54,18.47,NS,GREEN,12,15
2026-03-29_17-32-01,0,1,1,1,1,3.39,12.83,29.01,17.71,NS,GREEN,11,15
2026-03-29_17-32-03,1,1,1,1,1,5.74,15.18,26.66,15.36,NS,GREEN,9,15
2026-03-29_17-32-04,2,0,1,1,1,6.49,15.18,26.29,14.99,NS,GREEN,8,15
2026-03-29_17-32-05,0,2,0,1,3,6.49,16.29,25.59,14.08,NS,GREEN,7,15
2026-03-29_17-32-06,2,2,0,1,2,6.95,18.20,25.59,12.88,NS,GREEN,6,15
2026-03-29_17-32-07,1,2,0,1,3,7.96,20.23,25.59,11.87,NS,GREEN,5,15
2026-03-29_17-32-08,1,2,0,1,4,8.95,22.20,25.59,10.89,NS,GREEN,4,15
2026-03-29_17-32-09,1,2,0,1,3,9.95,24.20,25.59,9.89,NS,GREEN,3,15
2026-03-29_17-32-10,0,3,0,1,2,10.40,26.26,25.59,8.97,NS,GREEN,2,15
2026-03-29_17-32-11,0,2,0,1,3,10.40,28.95,25.59,7.99,NS,GREEN,1,15
2026-03-29_17-32-12,0,2,0,1,3,10.40,30.85,25.59,7.04,NS,GREEN,0,15
2026-03-29_17-32-13,0,2,0,0,2,10.40,32.55,25.59,6.30,NS,YELLOW,3,15
2026-03-29_17-32-14,0,2,0,1,2,10.40,34.00,24.39,4.85,NS,YELLOW,1,15
2026-03-29_17-32-15,0,2,0,0,2,10.40,35.91,24.39,4.12,NS,YELLOW,0,15
2026-03-29_17-32-16,0,2,0,0,2,10.40,38.32,24.39,3.37,NS,ALL_RED,3,15
2026-03-29_17-32-18,0,2,0,0,2,10.40,43.31,24.39,3.37,NS,ALL_RED,0,15
2026-03-29_17-32-19,0,3,0,0,3,10.40,44.76,24.39,3.37,NS,ALL_RED,0,15
2026-03-29_17-32-20,0,3,0,1,2,10.40,43.80,24.39,3.91,EW,GREEN,14,15
2026-03-29_17-32-21,0,0,0,1,1,10.40,42.34,24.39,4.38,EW,GREEN,13,15
2026-03-29_17-32-22,1,0,1,0,3,9.88,42.08,24.90,4.89,EW,GREEN,12,15
2026-03-29_17-32-23,1,1,1,0,1,8.14,41.60,26.14,4.89,EW,GREEN,11,15
2026-03-29_17-32-24,1,1,1,1,1,7.15,40.61,27.13,5.38,EW,GREEN,10,15
2026-03-29_17-32-25,0,1,0,0,3,5.64,39.85,27.64,5.38,EW,GREEN,9,15
2026-03-29_17-32-26,0,4,0,1,3,5.14,37.34,27.64,6.63,EW,GREEN,10,15
2026-03-29_17-32-27,0,2,0,1,3,5.14,35.05,27.64,7.65,EW,GREEN,9,15
2026-03-29_17-32-28,0,2,0,1,3,5.14,33.05,27.64,8.65,EW,GREEN,8,15
2026-03-29_17-32-29,0,2,0,1,3,5.14,30.81,27.64,9.65,EW,GREEN,7,15
2026-03-29_17-32-30,0,0,0,4,0,5.14,29.29,27.64,11.36,EW,GREEN,6,15
2026-03-29_17-32-31,0,0,0,2,0,5.14,29.29,27.64,13.73,EW,GREEN,5,15
2026-03-29_17-32-33,0,0,0,2,0,5.14,29.29,27.64,18.92,EW,GREEN,2,15
2026-03-29_17-32-34,0,0,0,1,0,5.14,29.29,27.64,19.21,EW,GREEN,2,15
2026-03-29_17-32-35,0,0,0,3,0,5.14,29.29,27.64,21.83,EW,GREEN,1,15
2026-03-29_17-32-36,0,0,0,4,0,5.14,29.29,27.64,25.27,EW,GREEN,0,15
2026-03-29_17-32-37,0,0,0,4,0,5.14,29.29,27.64,28.91,EW,YELLOW,3,15
2026-03-29_17-32-38,0,0,0,3,0,5.14,29.29,27.64,32.60,EW,YELLOW,2,15
2026-03-29_17-32-39,0,0,0,3,0,5.14,29.29,27.64,35.33,EW,YELLOW,1,15
2026-03-29_17-32-40,0,0,0,4,0,5.14,29.29,27.64,38.85,EW,YELLOW,0,15
2026-03-29_17-32-41,0,0,0,4,0,5.14,29.29,27.64,43.10,EW,ALL_RED,2,15
2026-03-29_17-32-42,0,0,0,4,0,5.14,29.29,27.64,47.06,EW,ALL_RED,1,15
2026-03-29_17-32-43,0,0,0,4,0,5.14,29.29,27.64,51.32,EW,ALL_RED,0,15
2026-03-29_17-32-44,0,0,0,5,0,5.14,29.29,27.64,51.09,NS,GREEN,14,15
2026-03-29_17-32-45,0,0,0,4,0,5.14,29.29,27.64,47.15,NS,GREEN,13,15
2026-03-29_17-32-46,0,0,0,3,0,5.14,29.29,27.64,43.12,NS,GREEN,14,15
2026-03-29_17-32-48,0,0,0,4,0,5.14,29.29,27.64,32.75,NS,GREEN,13,15
2026-03-29_17-32-49,0,0,0,4,0,5.14,29.29,27.64,31.42,NS,GREEN,13,15
2026-03-29_17-32-50,0,0,0,4,0,5.14,29.29,27.64,27.62,NS,GREEN,12,15
2026-03-29_17-32-51,0,0,0,3,0,5.14,29.29,27.64,23.79,NS,GREEN,13,15
2026-03-29_17-32-52,0,0,0,4,0,5.14,29.29,27.64,20.29,NS,GREEN,12,15
2026-03-29_17-32-53,0,0,0,4,0,5.14,29.29,27.64,16.38,NS,GREEN,13,15
2026-03-29_17-32-54,0,0,0,5,0,5.14,29.29,27.64,12.14,NS,GREEN,12,15
2026-03-29_17-32-55,0,0,0,5,0,5.14,29.29,27.64,7.42,NS,GREEN,11,15
2026-03-29_17-32-56,0,0,0,4,0,5.14,29.29,27.64,3.29,NS,GREEN,12,15
2026-03-29_17-32-57,0,0,0,4,0,5.14,29.29,27.64,0.00,NS,GREEN,11,15
2026-03-29_17-32-58,0,0,0,4,0,5.14,29.29,27.64,0.00,NS,GREEN,12,15
2026-03-29_17-32-59,0,0,0,4,0,5.14,29.29,27.64,0.00,NS,GREEN,11,15
2026-03-29_17-33-00,0,0,0,4,0,5.14,29.29,27.64,0.00,NS,GREEN,12,15
2026-03-29_17-33-01,0,0,0,4,0,5.14,29.29,27.64,0.00,NS,GREEN,11,15
2026-03-29_17-33-03,0,0,0,4,0,5.14,29.29,27.64,0.00,NS,GREEN,10,15
2026-03-29_17-33-04,0,0,0,4,0,5.14,29.29,27.64,0.00,NS,GREEN,10,15
2026-03-29_17-33-05,1,1,1,0,2,5.43,29.58,27.35,0.00,NS,GREEN,9,15
2026-03-29_17-33-06,2,1,1,0,1,7.66,30.60,26.33,0.00,NS,GREEN,6,15
2026-03-29_17-33-07,2,0,1,0,2,9.34,30.85,25.13,0.00,NS,GREEN,5,15
2026-03-29_17-33-08,2,0,2,0,2,11.37,30.85,23.33,0.00,NS,GREEN,4,15
2026-03-29_17-33-09,1,0,1,0,2,12.61,30.85,22.34,0.00,NS,GREEN,3,15
2026-03-29_17-33-10,1,0,1,0,2,13.86,30.85,21.60,0.00,NS,GREEN,2,15
2026-03-29_17-33-11,1,0,1,0,2,15.07,30.85,20.62,0.00,NS,GREEN,1,15
2026-03-29_17-33-12,1,0,1,0,2,17.03,30.85,19.41,0.00,NS,GREEN,0,15
2026-03-29_17-33-13,2,0,1,0,2,18.52,30.85,18.42,0.00,NS,YELLOW,2,15
2026-03-29_17-33-14,1,0,1,0,2,19.74,30.85,17.46,0.00,NS,YELLOW,1,15
2026-03-29_17-33-15,1,0,0,0,3,21.23,30.85,16.71,0.00,NS,YELLOW,0,15
2026-03-29_17-33-16,2,1,1,0,3,23.27,31.13,15.69,0.00,NS,ALL_RED,2,15
2026-03-29_17-33-17,2,1,1,0,4,25.89,32.44,14.38,0.00,NS,ALL_RED,1,15
2026-03-29_17-33-19,2,1,0,0,3,28.87,33.93,14.38,0.00,EW,GREEN,15,15
2026-03-29_17-33-20,0,1,0,2,3,28.57,32.77,14.38,0.78,EW,GREEN,13,15
2026-03-29_17-33-21,1,1,0,0,5,28.31,31.70,14.38,1.88,EW,GREEN,12,15
2026-03-29_17-33-22,1,1,0,0,5,27.32,30.71,14.38,1.88,EW,GREEN,11,15
2026-03-29_17-33-23,1,1,0,0,5,26.38,29.77,14.38,2.10,EW,GREEN,10,15
2026-03-29_17-33-24,1,1,0,0,5,25.42,28.82,14.38,2.10,EW,GREEN,9,15
2026-03-29_17-33-25,1,1,0,1,4,24.47,27.87,14.38,2.58,EW,GREEN,8,15
2026-03-29_17-33-26,2,0,0,1,2,22.81,27.62,14.38,3.54,EW,GREEN,7,15
2026-03-29_17-33-27,1,0,0,2,3,21.11,27.62,14.38,5.22,EW,GREEN,6,15
2026-03-29_17-33-28,2,0,0,1,2,19.42,27.62,14.38,6.18,EW,GREEN,5,15
2026-03-29_17-33-29,0,0,0,0,2,18.70,27.62,14.38,6.91,EW,GREEN,4,15
2026-03-29_17-33-30,0,1,1,1,1,18.23,26.93,15.06,7.82,EW,GREEN,3,15
2026-03-29_17-33-31,1,1,1,1,1,17.52,25.98,15.29,8.77,EW,GREEN,2,15
2026-03-29_17-33-33,2,0,0,0,3,13.12,25.98,15.88,8.77,EW,GREEN,0,15
2026-03-29_17-33-34,2,0,1,0,2,11.30,25.98,16.79,8.77,EW,YELLOW,3,15
2026-03-29_17-33-35,1,0,0,1,2,10.41,25.46,17.12,9.54,EW,YELLOW,1,15
2026-03-29_17-33-36,1,1,0,1,3,9.45,24.02,17.12,10.49,EW,YELLOW,0,15
2026-03-29_17-33-37,0,1,0,1,4,9.20,23.30,17.12,11.92,EW,YELLOW,0,15
2026-03-29_17-33-38,2,1,0,0,1,7.20,22.56,18.14,12.43,EW,ALL_RED,2,15
2026-03-29_17-33-39,1,1,2,1,3,5.96,21.81,20.13,13.92,EW,ALL_RED,1,15
2026-03-29_17-33-40,1,1,2,1,2,4.73,20.84,21.83,14.90,EW,ALL_RED,0,15
2026-03-29_17-33-41,1,1,0,1,2,4.49,20.83,22.57,14.90,NS,GREEN,14,15
2026-03-29_17-33-42,2,1,2,1,2,6.42,21.80,21.13,13.94,NS,GREEN,13,15
2026-03-29_17-33-43,2,1,2,1,2,8.44,22.81,19.11,12.93,NS,GREEN,12,15
2026-03-29_17-33-44,2,1,1,1,2,10.13,23.77,17.90,11.96,NS,GREEN,11,15
2026-03-29_17-33-45,2,1,1,1,2,12.11,24.77,16.67,10.73,NS,GREEN,10,15
2026-03-29_17-33-46,1,0,1,1,2,13.93,25.55,15.12,9.69,NS,GREEN,9,15
2026-03-29_17-33-48,1,0,1,1,2,16.75,25.55,12.30,6.87,NS,GREEN,6,15
2026-03-29_17-33-49,3,0,1,1,2,18.20,25.55,11.82,6.39,NS,GREEN,6,15
2026-03-29_17-33-50,0,1,0,1,4,18.20,26.40,11.82,5.53,NS,GREEN,5,15
2026-03-29_17-33-51,0,1,0,1,4,18.20,27.41,11.82,4.53,NS,GREEN,4,15
2026-03-29_17-33-52,0,1,0,1,5,18.20,28.15,11.82,3.55,NS,GREEN,3,15
2026-03-29_17-33-53,0,1,0,1,4,18.44,29.12,11.82,2.58,NS,GREEN,2,15
2026-03-29_17-42-50,0,0,0,0,0,0.00,0.00,0.00,0.00,NS,ALL_RED,0,10
2026-03-29_17-42-51,1,0,0,0,2,0.52,0.00,0.00,0.00,NS,GREEN,30,30
2026-03-29_17-42-52,1,1,1,1,0,1.31,0.51,0.00,0.00,NS,GREEN,29,30
2026-03-29_17-42-53,1,1,1,1,0,2.35,1.55,0.00,0.00,NS,GREEN,28,30
2026-03-29_17-42-54,0,0,0,1,1,3.10,1.82,0.00,0.00,NS,GREEN,27,30
2026-03-29_17-42-55,0,1,0,0,1,3.35,2.54,0.00,0.00,NS,GREEN,26,30
2026-03-29_17-42-56,2,1,0,1,1,4.06,3.25,0.00,0.00,NS,GREEN,25,30
2026-03-29_17-42-57,1,1,0,1,0,5.32,4.26,0.00,0.00,NS,GREEN,24,30
2026-03-29_17-42-58,0,0,0,0,1,6.55,4.51,0.00,0.00,NS,GREEN,23,30
2026-03-29_17-42-59,0,1,0,0,1,7.01,5.70,0.00,0.00,NS,GREEN,22,30
2026-03-29_17-43-00,1,1,0,0,1,8.38,7.32,0.00,0.00,NS,GREEN,19,30
2026-03-29_17-43-01,1,0,0,0,1,9.39,7.82,0.00,0.00,NS,GREEN,18,30
2026-03-29_17-43-04,1,0,0,0,1,12.56,7.82,0.00,0.00,NS,GREEN,14,30
2026-03-29_17-43-05,1,0,0,1,1,13.45,7.82,0.00,0.00,NS,GREEN,14,30
2026-03-29_17-43-25,0,0,0,0,0,0.00,0.00,0.00,0.00,NS,ALL_RED,0,10
2026-03-29_17-43-26,0,0,0,1,0,0.00,0.00,0.00,0.00,NS,GREEN,15,15
2026-03-29_17-43-27,1,0,0,1,0,0.26,0.25,0.00,0.00,NS,GREEN,13,15
2026-03-29_17-43-28,1,2,0,1,1,0.51,1.51,0.00,0.00,NS,GREEN,12,15
2026-03-29_17-43-29,1,0,0,1,1,1.52,2.75,0.00,0.00,NS,GREEN,11,15
2026-03-29_17-43-30,1,0,0,1,1,2.24,3.50,0.00,0.00,NS,GREEN,10,15
2026-03-29_17-43-31,1,0,0,1,0,2.74,4.26,0.00,0.00,NS,GREEN,9,15
2026-03-29_17-43-32,1,0,0,1,0,3.73,4.51,0.00,0.00,NS,GREEN,9,15
2026-03-29_17-43-33,1,0,0,1,0,4.73,4.51,0.00,0.00,NS,GREEN,8,15
2026-03-29_17-43-34,1,0,0,1,0,5.75,4.51,0.00,0.00,NS,GREEN,6,15
2026-03-29_17-43-35,1,0,0,1,0,6.76,4.51,0.00,0.00,NS,GREEN,5,15
2026-03-29_17-43-36,1,0,0,1,0,7.77,4.51,0.00,0.00,NS,GREEN,4,15
2026-03-29_17-43-37,1,1,0,1,0,8.79,5.00,0.00,0.00,NS,GREEN,3,15
2026-03-29_17-43-38,2,1,0,0,2,9.53,5.76,0.00,0.00,NS,GREEN,2,15
2026-03-29_17-43-39,1,3,0,1,1,10.28,8.52,0.00,0.00,NS,GREEN,1,15
2026-03-29_17-43-40,3,3,1,1,2,12.07,11.59,0.00,0.00,NS,GREEN,0,15
2026-03-29_17-43-41,4,3,2,1,2,15.36,14.63,0.00,0.00,NS,GREEN,0,15
2026-03-29_17-43-42,3,3,0,1,2,18.34,17.61,0.00,0.00,NS,YELLOW,2,15
2026-03-29_17-43-43,2,3,1,1,2,21.03,20.58,0.00,0.00,NS,YELLOW,1,15
2026-03-29_17-43-45,2,3,1,1,2,25.80,27.72,0.00,0.00,NS,ALL_RED,3,15
2026-03-29_17-43-46,1,3,0,1,2,26.95,30.13,0.00,0.00,NS,ALL_RED,2,15
2026-03-29_17-43-47,1,3,0,1,2,28.52,32.86,0.00,0.00,NS,ALL_RED,1,15
2026-03-29_17-43-48,1,3,1,1,2,29.27,35.80,0.00,0.00,NS,ALL_RED,0,15
2026-03-29_17-43-49,0,3,1,1,2,28.76,35.70,0.26,0.51,EW,GREEN,14,15
2026-03-29_17-43-50,0,2,1,1,2,28.52,33.47,0.76,1.50,EW,GREEN,13,15
2026-03-29_17-43-51,0,3,0,1,2,28.28,30.50,0.76,2.49,EW,GREEN,12,15
2026-03-29_17-43-52,0,3,1,1,2,27.52,27.81,1.73,3.46,EW,GREEN,11,15
2026-03-29_17-43-53,1,3,1,1,2,26.78,25.34,2.23,4.45,EW,GREEN,10,15
2026-03-29_17-43-54,1,3,1,1,2,25.26,22.59,2.98,5.46,EW,GREEN,9,15
2026-03-29_17-43-55,1,3,0,1,2,23.75,19.57,3.49,6.46,EW,GREEN,10,15
2026-03-29_17-43-56,2,3,0,1,2,22.99,16.54,3.49,7.47,EW,GREEN,9,15
2026-03-29_17-43-57,0,3,0,1,2,21.56,13.69,3.49,8.42,EW,GREEN,8,15
2026-03-29_17-43-58,1,3,0,1,2,20.56,10.75,3.72,9.40,EW,GREEN,7,15
2026-03-29_17-43-59,0,3,0,1,2,20.56,7.18,3.72,10.59,EW,GREEN,6,15
2026-03-29_17-44-00,0,3,1,1,2,20.56,2.47,5.29,12.16,EW,GREEN,4,15
2026-03-29_17-44-01,0,3,1,1,2,20.56,1.58,5.59,12.46,EW,GREEN,4,15
2026-03-29_17-44-02,2,1,0,0,2,18.34,0.47,5.59,12.46,EW,GREEN,5,15
2026-03-29_17-44-03,2,2,1,1,2,16.66,0.00,5.82,12.69,EW,GREEN,4,15
2026-03-29_17-44-04,0,2,0,1,2,15.89,0.00,6.35,13.72,EW,GREEN,3,15
2026-03-29_17-44-05,2,1,0,0,2,14.15,0.00,6.85,14.47,EW,GREEN,2,15
2026-03-29_17-44-06,2,1,0,0,2,12.63,0.00,6.85,14.47,EW,GREEN,1,15
2026-03-29_17-44-07,1,1,0,0,2,11.15,0.00,6.85,14.47,EW,GREEN,0,15
2026-03-29_17-44-08,2,1,1,0,2,9.66,0.00,7.10,14.47,EW,YELLOW,2,15
2026-03-29_17-44-09,1,3,1,1,2,8.38,0.00,7.60,14.72,EW,YELLOW,1,15
2026-03-29_17-44-10,1,1,0,0,2,7.35,0.00,8.12,15.47,EW,YELLOW,0,15
2026-03-29_17-44-11,2,1,0,0,2,6.05,0.00,8.12,15.47,EW,ALL_RED,2,15
2026-03-29_17-44-12,0,1,0,1,2,4.74,0.00,8.12,15.99,EW,ALL_RED,1,15
2026-03-29_17-44-13,2,1,0,0,2,3.19,0.00,8.63,16.75,EW,ALL_RED,0,15
2026-03-29_17-44-15,2,1,0,0,2,0.00,0.00,8.63,16.75,NS,GREEN,15,15
2026-03-29_17-44-16,2,1,1,0,1,0.86,0.43,8.20,16.75,NS,GREEN,14,15
2026-03-29_17-44-17,1,1,0,1,1,1.11,1.63,7.79,16.10,NS,GREEN,13,15
2026-03-29_17-44-18,0,2,0,1,1,1.11,3.34,7.79,15.12,NS,GREEN,12,15
2026-03-29_17-44-19,0,2,0,0,1,1.11,5.30,7.79,15.12,NS,GREEN,11,15
2026-03-29_17-44-20,0,2,0,0,1,1.34,6.76,7.79,15.12,NS,GREEN,10,15
2026-03-29_17-44-21,0,1,0,0,1,1.34,8.22,7.79,15.12,NS,GREEN,9,15
2026-03-29_17-44-22,0,1,0,0,1,1.82,9.21,7.79,15.12,NS,GREEN,8,15
2026-03-29_17-44-23,0,1,0,0,1,2.56,10.21,7.79,15.12,NS,GREEN,7,15
2026-03-29_17-44-24,1,1,0,0,1,3.30,11.21,7.79,15.12,NS,GREEN,6,15
2026-03-29_17-44-25,1,1,0,0,1,4.30,12.21,7.79,15.12,NS,GREEN,5,15
2026-03-29_17-44-26,1,1,0,0,1,5.05,13.21,7.79,15.12,NS,GREEN,4,15
2026-03-29_17-44-27,1,1,0,0,2,6.05,13.95,7.79,15.12,NS,GREEN,3,15
2026-03-29_17-44-28,1,1,0,0,1,7.09,14.75,7.79,15.12,NS,GREEN,2,15
2026-03-29_17-44-29,1,1,0,0,1,8.57,16.22,7.79,15.12,NS,GREEN,1,15
2026-03-29_17-44-30,1,1,0,0,1,9.82,17.47,7.79,15.12,NS,YELLOW,3,15
2026-03-29_17-44-31,1,1,0,0,1,10.17,17.82,7.79,15.12,NS,YELLOW,2,15
2026-03-29_17-44-32,1,1,0,0,1,11.04,18.69,7.79,15.12,NS,YELLOW,1,15
2026-03-29_17-44-33,1,1,0,0,1,12.10,19.75,7.79,15.12,NS,YELLOW,0,15
2026-03-29_17-44-34,1,1,0,0,1,13.11,20.76,7.79,15.12,NS,ALL_RED,2,15
2026-03-29_17-44-35,1,1,0,0,1,13.91,21.82,7.52,15.12,NS,ALL_RED,1,15
2026-03-29_17-44-36,0,1,0,0,1,14.18,22.61,7.52,15.12,NS,ALL_RED,0,15
2026-03-29_17-44-37,1,1,0,0,1,14.93,23.61,7.52,15.12,EW,GREEN,15,15
2026-03-29_17-44-38,1,1,0,0,1,13.92,22.60,8.03,15.12,EW,GREEN,13,15
2026-03-29_17-44-39,1,1,0,0,1,12.92,21.61,8.27,15.12,EW,GREEN,12,15
2026-03-29_17-44-40,1,1,0,0,1,12.15,20.59,8.53,15.12,EW,GREEN,11,15
2026-03-29_17-44-41,1,1,0,0,1,11.12,19.55,8.79,15.12,EW,GREEN,10,15
2026-03-29_17-44-42,1,1,0,0,1,10.09,18.53,8.79,15.12,EW,GREEN,9,15
2026-03-29_17-44-43,1,1,0,0,1,9.08,17.52,8.79,15.12,EW,GREEN,8,15
2026-03-29_17-44-45,1,1,0,0,1,6.23,14.66,9.06,15.12,EW,GREEN,6,15
2026-03-29_17-44-46,1,1,0,0,1,5.94,14.37,9.06,15.12,EW,GREEN,5,15
2026-03-29_17-44-47,1,1,0,0,1,5.14,13.58,9.06,15.12,EW,GREEN,4,15
2026-03-29_17-44-48,1,1,0,0,1,4.14,12.57,9.06,15.12,EW,GREEN,3,15
2026-03-29_17-44-49,1,1,0,0,1,2.96,11.39,9.06,15.12,EW,GREEN,2,15
2026-03-29_17-44-50,1,1,0,0,1,1.96,10.40,9.06,15.12,EW,GREEN,1,15
2026-03-29_17-44-51,1,1,0,0,1,0.93,9.36,9.06,15.12,EW,GREEN,0,15
2026-03-29_17-44-52,1,1,0,0,1,0.68,8.61,9.06,15.12,EW,GREEN,0,15
2026-03-29_17-44-53,1,1,0,0,1,0.00,7.61,9.06,15.12,EW,YELLOW,2,15
2026-03-29_17-44-54,1,1,0,0,1,0.00,6.62,9.06,15.12,EW,YELLOW,1,15
2026-03-29_17-44-55,1,0,1,0,1,0.00,5.88,9.53,15.12,EW,YELLOW,0,15
2026-03-29_17-44-56,0,0,1,0,1,0.00,5.88,10.53,15.12,EW,ALL_RED,2,15
2026-03-29_17-44-57,1,0,1,0,1,0.00,5.88,11.55,15.12,EW,ALL_RED,1,15
2026-03-29_17-44-58,1,0,0,0,1,0.00,5.88,11.81,15.12,EW,ALL_RED,0,15
2026-03-29_17-45-00,1,0,0,0,1,0.00,5.88,11.81,15.12,NS,GREEN,15,15
2026-03-29_17-45-01,1,1,0,0,1,0.40,6.28,11.81,15.12,NS,GREEN,14,15
2026-03-29_17-45-02,1,1,0,0,1,1.29,7.17,11.81,15.12,NS,GREEN,13,15
2026-03-29_17-45-03,1,0,0,0,2,2.61,7.72,11.81,15.12,NS,GREEN,12,15
2026-03-29_17-45-04,1,1,0,0,2,3.89,8.24,11.81,15.12,NS,GREEN,11,15
2026-03-29_17-45-05,2,1,1,1,2,4.39,8.99,11.31,14.87,NS,GREEN,10,15
2026-03-29_17-45-06,0,1,1,1,2,4.39,10.02,10.27,13.84,NS,GREEN,9,15
2026-03-29_17-45-07,3,1,1,0,1,5.67,11.07,9.22,13.29,NS,GREEN,8,15
2026-03-29_17-45-08,3,1,0,0,2,8.02,11.86,9.22,13.29,NS,GREEN,7,15
2026-03-29_17-45-09,3,1,0,0,2,11.06,12.87,9.22,13.29,NS,GREEN,4,15
2026-03-29_17-45-10,3,1,0,0,2,14.10,13.88,9.22,13.29,NS,GREEN,3,15
2026-03-29_17-45-11,3,1,0,0,2,17.24,14.93,8.69,13.29,NS,GREEN,1,15
2026-03-29_17-45-12,3,1,1,0,2,20.05,15.95,8.43,12.52,NS,YELLOW,3,15
2026-03-29_17-45-13,3,1,1,1,2,23.12,16.98,7.67,11.50,NS,YELLOW,1,15
2026-03-29_17-45-15,3,1,2,1,2,31.63,19.81,2.00,8.66,NS,ALL_RED,3,15
2026-03-29_17-45-16,2,1,1,1,2,32.29,20.14,1.67,8.33,NS,ALL_RED,2,15
2026-03-29_17-45-17,3,1,1,1,2,34.68,20.94,0.87,7.53,NS,ALL_RED,1,15
2026-03-29_17-45-18,2,2,3,1,2,37.10,22.64,0.00,6.56,NS,ALL_RED,0,15
2026-03-29_17-45-19,3,2,1,1,2,40.10,24.15,0.00,5.56,EW,GREEN,15,15
2026-03-29_17-45-20,3,2,2,1,2,37.08,22.13,1.25,6.57,EW,GREEN,13,15
2026-03-29_17-45-21,3,1,2,1,2,34.09,20.39,2.48,7.56,EW,GREEN,12,15
2026-03-29_17-45-22,3,1,1,1,2,31.14,19.40,3.47,8.29,EW,GREEN,12,15
2026-03-29_17-45-23,3,2,0,1,2,28.13,18.16,4.23,9.30,EW,GREEN,11,15
2026-03-29_17-45-24,3,2,1,1,2,25.60,16.13,4.49,10.31,EW,GREEN,11,15
2026-03-29_17-45-25,3,1,1,1,2,22.62,15.14,5.48,11.30,EW,GREEN,11,15
2026-03-29_17-45-26,3,2,0,1,2,19.53,13.33,6.00,12.33,EW,GREEN,9,15
2026-03-29_17-45-27,2,2,0,1,2,16.68,11.00,6.00,13.37,EW,GREEN,8,15
2026-03-29_17-45-28,3,2,0,1,2,13.86,8.97,6.51,14.39,EW,GREEN,9,15
2026-03-29_17-45-30,2,2,0,1,2,7.96,3.34,6.51,17.20,EW,GREEN,9,15
2026-03-29_17-45-31,2,3,0,1,2,7.06,1.99,6.51,17.65,EW,GREEN,8,15
2026-03-29_17-45-32,2,3,0,1,2,5.61,0.00,6.51,18.37,EW,GREEN,7,15
2026-03-29_17-45-33,0,2,0,1,4,5.07,0.00,6.51,20.20,EW,GREEN,6,15
2026-03-29_17-45-34,0,2,2,1,3,5.07,0.00,7.28,21.22,EW,GREEN,5,15
2026-03-29_17-45-35,0,1,1,1,4,5.07,0.00,8.30,22.24,EW,GREEN,4,15
2026-03-29_17-45-36,1,1,1,1,3,4.83,0.00,9.79,23.23,EW,GREEN,3,15
2026-03-29_17-45-37,0,1,2,1,5,4.06,0.00,11.81,24.25,EW,GREEN,2,15
2026-03-29_17-45-38,2,1,1,1,3,2.78,0.00,12.81,25.25,EW,GREEN,1,15
2026-03-29_17-45-39,0,2,1,1,3,0.78,0.00,13.81,26.24,EW,GREEN,0,15
2026-03-29_17-45-40,2,1,2,1,3,0.00,0.00,15.30,27.23,EW,YELLOW,3,15
2026-03-29_17-45-41,1,1,0,1,2,0.00,0.00,16.05,28.22,EW,YELLOW,2,15
2026-03-29_17-45-42,2,2,1,1,3,0.00,0.00,16.79,29.20,EW,YELLOW,1,15
2026-03-29_17-45-43,1,2,0,1,3,0.00,0.00,16.79,30.22,EW,YELLOW,0,15
2026-03-29_17-45-46,1,1,0,1,3,0.00,0.00,16.79,33.02,EW,ALL_RED,0,15
2026-03-29_17-45-47,2,1,1,1,3,0.62,0.31,16.81,33.46,NS,GREEN,14,15
2026-03-29_17-45-48,0,1,1,2,4,1.41,1.55,16.30,31.98,NS,GREEN,13,15
2026-03-29_17-45-49,1,1,1,2,4,3.45,2.82,15.54,30.20,NS,GREEN,12,15
2026-03-29_17-45-50,2,1,0,1,2,6.45,3.83,15.29,28.94,NS,GREEN,11,15
2026-03-29_17-45-51,1,2,1,1,4,8.14,5.48,14.82,27.99,NS,GREEN,10,15
2026-03-29_17-45-52,0,1,1,1,4,8.62,7.19,14.34,27.02,NS,GREEN,9,15
2026-03-29_17-45-53,0,2,1,1,4,8.62,8.91,13.59,25.79,NS,GREEN,8,15
2026-03-29_17-45-54,1,1,1,2,4,9.09,10.62,12.87,24.10,NS,GREEN,7,15
2026-03-29_17-45-55,3,1,1,1,3,11.00,11.83,12.14,23.14,NS,GREEN,6,15
2026-03-29_17-45-56,3,1,1,1,2,13.41,12.80,11.17,21.91,NS,GREEN,5,15
2026-03-29_17-45-57,2,1,0,1,2,16.04,13.76,10.68,20.95,NS,GREEN,4,15
2026-03-29_17-45-58,3,1,0,0,3,19.65,15.21,10.19,20.95,NS,GREEN,1,15
2026-03-29_17-46-01,1,1,0,1,2,23.49,18.26,10.19,17.90,NS,YELLOW,3,15
2026-03-29_17-46-02,1,1,0,1,1,25.47,19.38,8.84,16.78,NS,YELLOW,1,15
2026-03-29_17-46-03,5,1,1,0,3,28.48,20.38,8.09,16.03,NS,YELLOW,0,15
2026-03-29_17-46-04,4,1,0,0,3,31.87,21.16,7.83,16.03,NS,YELLOW,0,15
2026-03-29_17-46-05,3,1,1,1,2,35.13,22.41,7.33,15.27,NS,ALL_RED,2,15
2026-03-29_17-46-06,1,1,0,1,2,36.16,23.43,7.08,14.25,NS,ALL_RED,1,15
2026-03-29_17-46-07,1,1,0,1,1,37.62,24.41,7.08,13.27,NS,ALL_RED,0,15
2026-03-29_17-46-08,1,1,1,1,2,36.91,23.93,7.58,13.75,EW,GREEN,14,15
2026-03-29_17-46-09,3,0,0,0,3,34.67,23.18,7.58,14.50,EW,GREEN,13,15
2026-03-29_17-46-10,3,3,2,0,3,31.17,21.44,8.81,14.50,EW,GREEN,14,15
2026-03-29_17-46-11,4,1,2,0,2,27.67,19.93,10.81,14.50,EW,GREEN,13,15
2026-03-29_17-46-12,4,1,1,0,2,22.70,18.68,12.06,14.50,EW,GREEN,14,15
2026-03-29_17-46-13,4,1,1,0,2,18.63,17.72,12.80,14.50,EW,GREEN,13,15
2026-03-29_17-46-15,4,1,1,0,2,10.39,15.66,14.58,14.50,EW,GREEN,13,15
2026-03-29_17-46-16,4,1,2,0,2,6.17,14.60,16.69,14.50,EW,GREEN,11,15
2026-03-29_17-46-17,4,1,1,0,2,2.70,13.74,17.56,14.50,EW,GREEN,11,15
2026-04-02_18-01-40,0,0,0,0,0,0.00,0.00,0.00,0.00,NS,ALL_RED,0,10
2026-04-02_18-01-41,4,0,2,3,1,1.15,0.00,0.00,0.00,NS,GREEN,15,15
2026-04-02_18-01-42,4,0,2,4,1,4.57,0.00,0.00,0.00,NS,GREEN,14,15
2026-04-02_18-01-43,4,0,2,4,1,8.81,0.00,0.00,0.00,NS,GREEN,13,15
2026-04-02_18-01-44,4,0,2,4,1,13.06,0.00,0.00,0.00,NS,GREEN,12,15
2026-04-02_18-01-45,4,0,2,3,1,16.60,0.00,0.00,0.00,NS,GREEN,11,15
2026-04-02_18-01-46,4,0,2,4,1,20.93,0.00,0.00,0.00,NS,GREEN,10,15
2026-04-02_18-01-47,4,0,2,4,1,25.30,0.00,0.00,0.00,NS,GREEN,8,15
2026-04-02_18-01-48,4,0,2,4,1,28.66,0.00,0.00,0.00,NS,GREEN,8,15
2026-04-02_18-01-49,4,0,2,4,1,32.87,0.00,0.00,0.00,NS,GREEN,7,15
2026-04-02_18-01-50,4,0,2,4,1,37.11,0.00,0.00,0.00,NS,GREEN,6,15
2026-04-02_18-01-51,4,0,2,4,1,40.29,0.00,0.00,0.00,NS,GREEN,5,15
2026-04-02_18-01-52,4,0,2,4,1,44.67,0.00,0.00,0.00,NS,GREEN,4,15
2026-04-02_18-01-53,4,0,2,4,1,48.99,0.00,0.00,0.00,NS,GREEN,3,15
2026-04-02_18-01-54,4,0,2,4,1,53.21,0.00,0.00,0.00,NS,GREEN,1,15
2026-04-02_18-01-55,4,0,2,3,1,56.43,0.00,0.00,0.00,NS,GREEN,1,15
2026-04-02_18-01-56,4,0,2,4,1,60.60,0.00,0.00,0.00,NS,GREEN,0,15
2026-04-02_18-01-59,4,0,2,4,1,73.84,0.00,0.00,0.00,NS,YELLOW,0,15
2026-04-02_18-02-00,4,0,2,3,1,76.74,0.00,0.00,0.00,NS,ALL_RED,2,15
2026-04-02_18-02-01,4,0,2,4,1,80.94,0.00,0.00,0.00,NS,ALL_RED,1,15
2026-04-02_18-02-02,4,0,2,4,1,85.22,0.00,0.00,0.00,NS,ALL_RED,0,15
2026-04-02_18-02-03,4,0,2,4,1,88.44,0.00,0.00,0.00,EW,GREEN,15,15
2026-04-02_18-02-04,4,0,2,4,1,84.16,0.00,2.14,4.27,EW,GREEN,13,15
2026-04-02_18-02-05,4,0,2,4,1,79.86,0.00,4.29,8.58,EW,GREEN,12,15
2026-04-02_18-02-06,4,0,2,4,1,76.58,0.00,5.93,11.86,EW,GREEN,12,15
2026-04-02_18-02-07,4,0,2,4,1,72.36,0.00,8.04,16.08,EW,GREEN,10,15
2026-04-02_18-02-08,4,0,2,4,1,68.11,0.00,10.16,20.33,EW,GREEN,9,15
2026-04-02_18-02-09,4,0,2,3,1,63.83,0.00,12.30,24.34,EW,GREEN,8,15
2026-04-02_18-02-10,4,0,2,3,1,59.59,0.00,14.42,28.32,EW,GREEN,7,15
2026-04-02_18-02-13,4,0,2,3,1,45.42,0.00,21.51,39.60,EW,GREEN,4,15
2026-04-02_18-02-14,4,0,2,4,1,44.14,0.00,22.15,40.88,EW,GREEN,3,15
2026-04-02_18-02-15,4,0,2,4,1,40.03,0.00,24.20,44.99,EW,GREEN,2,15
2026-04-02_18-02-16,4,0,2,4,1,36.49,0.00,25.97,48.52,EW,GREEN,2,15
2026-04-02_18-02-17,4,0,2,4,1,32.31,0.00,28.06,52.71,EW,GREEN,0,15
2026-04-02_18-02-18,4,0,2,4,1,28.10,0.00,30.17,56.64,EW,YELLOW,3,15
2026-04-02_18-02-19,4,0,2,4,1,23.76,0.00,32.34,60.44,EW,YELLOW,1,15
2026-04-02_18-02-20,4,0,2,4,1,20.55,0.00,33.94,63.66,EW,YELLOW,1,15
2026-04-02_18-02-21,4,0,2,3,1,16.28,0.00,36.08,67.39,EW,YELLOW,0,15
2026-04-02_18-02-22,4,0,2,4,1,12.02,0.00,38.21,71.65,EW,ALL_RED,2,15
2026-04-02_18-02-23,4,0,2,4,1,7.70,0.00,40.37,75.68,EW,ALL_RED,1,15
2026-04-02_18-02-24,4,0,2,4,1,4.52,0.00,41.96,78.58,EW,ALL_RED,0,15
2026-04-02_18-02-25,4,0,2,4,1,4.45,0.00,41.99,78.90,NS,GREEN,14,15
2026-04-02_18-02-26,4,0,2,4,1,10.72,0.00,38.86,72.64,NS,GREEN,12,15
2026-04-02_18-02-28,4,0,2,4,1,19.78,0.00,34.33,63.58,NS,GREEN,10,15
2026-04-02_18-02-29,4,0,2,2,1,21.37,0.00,33.53,62.78,NS,GREEN,10,15
2026-04-02_18-02-30,4,0,2,3,1,24.43,0.00,32.00,60.05,NS,GREEN,9,15
2026-04-02_18-02-31,4,0,2,3,1,28.91,0.00,29.76,56.11,NS,GREEN,8,15
2026-04-02_18-02-32,4,0,2,4,1,32.17,0.00,28.13,53.39,NS,GREEN,7,15
2026-04-02_18-02-33,4,0,2,4,1,36.37,0.00,26.03,49.45,NS,GREEN,6,15
2026-04-02_18-02-34,4,0,2,4,1,40.57,0.00,23.93,45.51,NS,GREEN,5,15
2026-04-02_18-02-35,4,0,2,3,1,44.90,0.00,21.77,41.97,NS,GREEN,4,15
2026-04-02_18-02-36,4,0,2,4,1,48.13,0.00,20.15,39.01,NS,GREEN,3,15
2026-04-02_18-02-37,4,0,2,3,1,52.36,0.00,18.04,35.57,NS,GREEN,2,15
2026-04-02_18-02-38,4,0,2,3,1,56.54,0.00,15.95,32.44,NS,GREEN,1,15
2026-04-02_18-02-39,4,0,2,3,1,60.80,0.00,13.82,29.25,NS,GREEN,0,15
2026-04-02_18-02-40,4,0,2,3,1,65.04,0.00,11.70,25.54,NS,YELLOW,2,15
2026-04-02_18-02-43,4,0,2,3,1,78.71,0.00,4.86,15.89,NS,ALL_RED,3,15
2026-04-02_18-02-44,4,0,2,3,1,80.71,0.00,3.86,14.40,NS,ALL_RED,2,15
2026-04-02_18-02-45,4,0,2,4,1,85.10,0.00,1.67,10.74,NS,ALL_RED,1,15
2026-04-02_18-02-46,4,0,2,4,1,88.80,0.00,0.00,7.04,NS,ALL_RED,0,15
2026-04-02_18-02-47,4,0,2,3,1,90.01,0.00,0.56,5.55,EW,GREEN,14,15
2026-04-02_18-02-48,4,0,2,3,1,85.67,0.00,2.74,9.60,EW,GREEN,13,15
2026-04-02_18-02-49,4,0,2,4,1,81.19,0.00,4.98,12.40,EW,GREEN,12,15
2026-04-02_18-02-50,4,0,2,4,1,78.02,0.00,6.56,16.10,EW,GREEN,11,15
2026-04-02_18-02-51,4,0,2,3,1,73.66,0.00,8.74,20.72,EW,GREEN,10,15
2026-04-02_18-02-52,4,0,2,3,1,69.44,0.00,10.85,24.68,EW,GREEN,9,15
2026-04-02_18-02-53,4,0,2,4,1,65.08,0.00,13.03,28.78,EW,GREEN,8,15
2026-04-02_18-02-54,4,0,2,4,1,61.88,0.00,14.63,31.97,EW,GREEN,7,15
2026-04-02_18-02-55,4,0,2,4,1,57.57,0.00,16.78,36.55,EW,GREEN,6,15
2026-04-02_18-02-56,4,0,2,4,1,54.04,0.00,18.55,40.63,EW,GREEN,3,15
2026-04-02_18-02-58,4,0,2,3,1,42.49,0.00,24.33,49.30,EW,GREEN,0,15
2026-04-02_18-02-59,4,0,2,3,1,41.14,0.00,25.00,50.31,EW,GREEN,0,15
2026-04-02_18-03-00,4,0,2,5,1,37.00,0.00,27.07,55.48,EW,YELLOW,2,15
2026-04-02_18-03-01,4,0,2,4,1,33.61,0.00,28.77,59.45,EW,YELLOW,1,15
2026-04-02_18-03-02,4,0,2,4,1,29.24,0.00,30.95,63.55,EW,YELLOW,0,15
2026-04-02_18-03-03,4,0,2,4,1,25.95,0.00,32.60,66.56,EW,ALL_RED,3,15
2026-04-02_18-03-04,4,0,2,3,1,21.60,0.00,34.77,70.65,EW,ALL_RED,1,15
2026-04-02_18-03-05,4,0,2,3,1,17.31,0.00,36.91,74.13,EW,ALL_RED,0,15
2026-04-02_18-03-06,4,0,2,4,1,14.10,0.00,38.52,77.34,EW,ALL_RED,0,15
2026-04-02_18-03-07,4,0,2,3,1,16.08,0.00,37.53,76.14,NS,GREEN,14,15
2026-04-02_18-03-08,4,0,2,5,1,20.26,0.00,35.44,71.44,NS,GREEN,13,15
2026-04-02_18-03-09,4,0,2,5,1,24.51,0.00,33.32,66.66,NS,GREEN,12,15
2026-04-02_18-03-10,4,0,2,4,1,28.69,0.00,31.22,62.47,NS,GREEN,11,15
2026-04-02_18-03-13,4,0,2,3,1,42.24,0.00,24.45,51.15,NS,GREEN,9,15
2026-04-02_18-03-14,4,0,2,4,1,43.80,0.00,23.67,49.58,NS,GREEN,9,15
2026-04-02_18-03-15,4,0,2,3,1,48.46,0.00,21.34,45.23,NS,GREEN,8,15
2026-04-02_18-03-16,4,0,2,4,1,51.93,0.00,19.60,42.32,NS,GREEN,7,15
2026-04-02_18-03-17,4,0,2,4,1,56.21,0.00,17.47,38.58,NS,GREEN,6,15
2026-04-02_18-03-18,4,0,2,5,1,60.42,0.00,15.36,33.59,NS,GREEN,7,15
2026-04-02_18-03-19,4,0,2,4,1,64.69,0.00,13.23,29.34,NS,GREEN,6,15
2026-04-02_18-03-20,4,0,2,3,1,67.87,0.00,11.63,26.69,NS,GREEN,5,15
2026-04-02_18-03-21,4,0,2,3,1,72.14,0.00,9.50,23.49,NS,GREEN,4,15
2026-04-02_18-03-22,4,0,2,3,1,76.39,0.00,7.38,20.30,NS,GREEN,3,15
2026-04-02_18-03-23,4,0,2,3,1,80.63,0.00,5.25,17.12,NS,GREEN,2,15
2026-04-02_18-03-24,4,0,2,3,1,83.85,0.00,3.64,14.70,NS,GREEN,1,15
2026-04-02_18-03-25,4,0,2,3,1,88.20,0.00,1.47,11.44,NS,GREEN,0,15
2026-04-02_18-03-28,4,0,2,3,1,102.33,0.00,0.00,0.84,NS,ALL_RED,3,15
2026-04-02_18-03-29,4,0,2,3,1,103.86,0.00,0.00,0.00,NS,ALL_RED,2,15
2026-04-02_18-03-30,4,0,2,3,1,108.44,0.00,0.00,0.00,NS,ALL_RED,1,15
2026-04-02_18-03-31,4,0,2,3,1,111.83,0.00,0.00,0.00,NS,ALL_RED,0,15
2026-04-02_18-03-32,4,0,2,4,1,113.95,0.00,0.53,1.06,EW,GREEN,14,15
2026-04-02_18-03-33,4,0,2,5,1,109.62,0.00,2.70,5.39,EW,GREEN,13,15
2026-04-02_18-03-34,4,0,2,4,1,105.37,0.00,4.82,9.38,EW,GREEN,12,15
2026-04-02_18-03-35,4,0,2,3,1,102.11,0.00,6.45,12.63,EW,GREEN,11,15
2026-04-02_18-03-36,4,0,2,4,1,97.82,0.00,8.60,16.92,EW,GREEN,10,15
2026-04-02_18-03-37,4,0,2,4,1,93.49,0.00,10.76,21.25,EW,GREEN,9,15
2026-04-02_18-03-38,4,0,2,4,1,90.25,0.00,12.38,24.50,EW,GREEN,8,15
2026-04-02_18-03-39,4,0,2,4,1,85.88,0.00,14.56,28.86,EW,GREEN,7,15
2026-04-02_18-03-40,4,0,2,4,1,81.59,0.00,16.71,33.15,EW,GREEN,6,15
2026-04-02_18-03-41,4,0,2,4,1,78.20,0.00,18.40,36.26,EW,GREEN,5,15
2026-04-02_18-03-43,4,0,2,4,1,67.22,0.00,23.90,47.25,EW,GREEN,3,15
2026-04-02_18-03-44,4,0,2,3,1,65.17,0.00,24.92,48.78,EW,GREEN,2,15
2026-04-02_18-03-45,4,0,2,4,1,61.52,0.00,26.74,51.93,EW,GREEN,1,15
2026-04-02_18-03-46,4,0,2,4,1,58.15,0.00,28.43,54.73,EW,GREEN,0,15
2026-04-02_18-03-47,4,0,2,4,1,53.99,0.00,30.51,58.63,EW,YELLOW,3,15
2026-04-02_18-03-48,4,0,2,4,1,49.61,0.00,32.70,62.45,EW,YELLOW,1,15
2026-04-02_18-03-49,4,0,2,4,1,45.33,0.00,34.84,66.73,EW,YELLOW,0,15
2026-04-02_18-03-50,4,0,2,3,1,42.08,0.00,36.46,69.43,EW,YELLOW,0,15
2026-04-02_18-03-51,4,0,2,4,1,37.70,0.00,38.66,73.28,EW,ALL_RED,2,15
2026-04-02_18-03-52,4,0,2,4,1,33.35,0.00,40.83,77.63,EW,ALL_RED,1,15
2026-04-02_18-03-53,4,0,2,5,1,30.16,0.00,42.43,80.83,EW,ALL_RED,0,15
2026-04-02_18-12-01,0,0,0,0,0,0.00,0.00,0.00,0.00,NS,ALL_RED,0,10
2026-04-02_18-12-02,4,0,2,2,1,3.57,0.00,0.00,0.00,NS,GREEN,14,15
2026-04-02_18-12-03,4,0,2,2,1,6.88,0.00,0.00,0.00,NS,GREEN,13,15
2026-04-02_18-12-04,4,0,2,3,1,11.03,0.00,0.00,0.00,NS,GREEN,12,15
2026-04-02_18-12-05,4,0,2,2,1,15.17,0.00,0.00,0.00,NS,GREEN,11,15
2026-04-02_18-12-06,4,0,2,3,1,19.32,0.00,0.00,0.00,NS,GREEN,10,15
2026-04-02_18-12-07,4,0,2,2,1,22.49,0.00,0.00,0.00,NS,GREEN,9,15
2026-04-02_18-12-08,4,0,2,2,1,26.58,0.00,0.00,0.00,NS,GREEN,8,15
2026-04-02_18-12-09,4,0,2,3,1,30.81,0.00,0.00,0.00,NS,GREEN,7,15
2026-04-02_18-12-10,4,0,2,3,1,35.03,0.00,0.00,0.00,NS,GREEN,6,15
2026-04-02_18-12-11,4,0,2,2,1,39.29,0.00,0.00,0.00,NS,GREEN,5,15
2026-04-02_18-12-12,4,0,2,2,1,42.58,0.00,0.00,0.00,NS,GREEN,4,15
2026-04-02_18-12-13,4,0,2,3,1,46.90,0.00,0.00,0.00,NS,GREEN,3,15
2026-04-02_18-12-14,1,0,2,3,0,48.26,0.00,0.00,0.00,NS,GREEN,2,15
2026-04-02_18-12-15,0,0,2,3,0,48.26,0.00,0.00,0.00,NS,GREEN,3,15
2026-04-02_18-12-16,0,0,2,0,0,49.08,0.00,0.00,0.00,NS,GREEN,2,15
2026-04-02_18-12-19,0,0,2,0,0,49.08,0.00,0.00,0.00,NS,YELLOW,3,15
2026-04-02_18-12-20,2,0,2,2,0,51.06,0.00,0.00,0.00,NS,YELLOW,2,15
2026-04-02_18-12-21,1,0,2,0,0,52.94,0.00,0.00,0.00,NS,YELLOW,0,15
2026-04-02_18-12-22,1,0,1,2,0,53.99,0.00,0.00,0.00,NS,ALL_RED,3,15
2026-04-02_18-12-23,1,0,0,1,0,55.06,0.00,0.00,0.00,NS,ALL_RED,1,15
2026-04-02_18-12-24,2,0,2,3,0,56.16,0.00,0.00,0.00,NS,ALL_RED,1,15
2026-04-02_18-12-25,2,0,2,4,0,58.30,0.00,0.00,0.00,NS,ALL_RED,0,15
2026-04-02_18-12-26,1,0,2,3,0,57.78,0.00,1.59,2.39,EW,GREEN,14,15
2026-04-02_18-12-27,1,0,2,4,0,56.71,0.00,3.73,5.86,EW,GREEN,13,15
2026-04-02_18-12-28,1,0,2,3,0,55.89,0.00,5.36,8.31,EW,GREEN,10,15
2026-04-02_18-12-29,1,0,2,4,0,54.83,0.00,7.49,12.29,EW,GREEN,9,15
2026-04-02_18-12-30,1,0,2,3,0,53.78,0.00,9.59,15.45,EW,GREEN,6,15
2026-04-02_18-12-31,1,0,2,5,0,52.94,0.00,11.26,18.57,EW,GREEN,5,15
2026-04-02_18-12-32,1,0,2,3,0,51.49,0.00,14.17,22.94,EW,GREEN,1,15
2026-04-02_18-12-34,1,0,2,3,0,49.86,0.00,17.43,27.82,EW,GREEN,0,15
2026-04-02_18-12-35,1,0,2,4,0,48.91,0.00,19.33,31.62,EW,YELLOW,2,15
2026-04-02_18-12-36,1,0,2,3,0,47.74,0.00,21.66,35.77,EW,YELLOW,1,15
2026-04-02_18-12-37,1,0,2,5,0,46.96,0.00,23.23,39.43,EW,YELLOW,0,15
2026-04-02_18-12-38,1,0,2,3,0,45.93,0.00,25.28,43.27,EW,ALL_RED,2,15
2026-04-02_18-12-39,2,0,2,3,0,43.82,0.00,27.39,46.98,EW,ALL_RED,1,15
2026-04-02_18-12-40,2,0,2,4,0,41.71,0.00,29.50,50.68,EW,ALL_RED,0,15
2026-04-02_18-12-41,2,0,2,3,0,40.71,0.00,30.50,52.17,NS,GREEN,14,15
2026-04-02_18-12-42,2,0,2,4,0,42.82,0.00,28.40,48.48,NS,GREEN,13,15
2026-04-02_18-12-43,2,0,2,3,0,44.41,0.00,26.80,45.55,NS,GREEN,14,15
2026-04-02_18-12-44,2,0,2,3,0,46.51,0.00,24.70,42.13,NS,GREEN,13,15
2026-04-02_18-12-45,2,0,2,2,0,48.62,0.00,22.60,38.99,NS,GREEN,12,15
2026-04-02_18-12-46,2,0,2,3,0,50.83,0.00,20.39,35.13,NS,GREEN,11,15
2026-04-02_18-12-49,2,0,2,3,0,56.52,0.00,14.69,26.58,NS,GREEN,10,15
2026-04-02_18-12-50,2,0,2,3,0,58.35,0.00,12.87,23.85,NS,GREEN,9,15
2026-04-02_18-12-51,2,0,2,3,0,60.77,0.00,10.44,20.21,NS,GREEN,10,15
2026-04-02_18-12-52,2,0,2,2,0,62.83,0.00,8.39,17.38,NS,GREEN,9,15
2026-04-02_18-12-53,2,0,2,4,0,64.42,0.00,6.80,15.02,NS,GREEN,8,15
2026-04-02_18-12-54,2,0,2,4,0,66.56,0.00,4.66,10.73,NS,GREEN,9,15
2026-04-02_18-12-55,1,0,2,3,0,68.40,0.00,2.55,6.79,NS,GREEN,8,15
2026-04-02_18-12-56,2,0,2,3,0,69.73,0.00,0.43,3.34,NS,GREEN,9,15
2026-04-02_18-12-57,2,0,2,4,0,71.06,0.00,0.00,0.14,NS,GREEN,8,15
2026-04-02_18-12-58,2,0,2,3,0,72.65,0.00,0.00,0.00,NS,GREEN,9,15
2026-04-02_18-12-59,2,0,2,4,0,74.82,0.00,0.00,0.00,NS,GREEN,8,15
2026-04-02_18-13-00,1,0,2,4,0,76.15,0.00,0.00,0.00,NS,GREEN,9,15
2026-04-02_18-13-01,2,0,2,4,0,77.51,0.00,0.00,0.00,NS,GREEN,8,15
2026-04-02_18-13-02,2,0,2,4,0,79.58,0.00,0.00,0.00,NS,GREEN,9,15
2026-04-02_18-13-04,2,0,2,4,0,83.95,0.00,0.00,0.00,NS,GREEN,7,15
2026-04-02_18-13-05,2,0,2,3,0,85.83,0.00,0.00,0.00,NS,GREEN,6,15
2026-04-02_18-13-06,1,0,2,3,0,86.97,0.00,0.00,0.00,NS,GREEN,5,15
2026-04-02_18-13-07,1,0,2,3,0,88.59,0.00,0.00,0.00,NS,GREEN,4,15
2026-04-02_18-13-08,2,0,2,4,0,89.84,0.00,0.00,0.00,NS,GREEN,3,15
2026-04-02_18-13-09,1,0,2,3,0,91.33,0.00,0.00,0.00,NS,GREEN,2,15
2026-04-02_18-13-10,1,0,2,3,0,91.89,0.00,0.00,0.00,NS,GREEN,1,15
2026-04-02_18-13-11,1,0,2,3,0,93.00,0.00,0.00,0.00,NS,GREEN,0,15
2026-04-02_18-13-12,1,0,2,4,0,93.87,0.00,0.00,0.00,NS,YELLOW,3,15
2026-04-02_18-13-13,1,0,2,3,0,95.03,0.00,0.00,0.00,NS,YELLOW,1,15
2026-04-02_18-13-14,1,0,2,3,0,95.88,0.00,0.00,0.00,NS,YELLOW,0,15
2026-04-02_18-13-15,1,0,2,2,0,96.96,0.00,0.00,0.00,NS,ALL_RED,3,15
2026-04-02_18-13-16,1,0,2,4,0,97.79,0.00,0.00,0.00,NS,ALL_RED,2,15
2026-04-02_18-13-19,1,0,2,3,0,100.98,0.00,0.00,0.00,EW,GREEN,15,15
2026-04-02_18-13-20,1,0,2,3,0,100.00,0.00,1.97,2.95,EW,GREEN,14,15
2026-04-02_18-13-21,1,0,2,3,0,99.09,0.00,3.79,5.68,EW,GREEN,13,15
2026-04-02_18-13-22,1,0,2,4,0,97.98,0.00,6.00,9.27,EW,GREEN,10,15
2026-04-02_18-13-23,1,0,2,3,0,97.17,0.00,7.62,11.96,EW,GREEN,9,15
2026-04-02_18-13-24,1,0,2,3,0,96.08,0.00,9.80,15.24,EW,GREEN,6,15
2026-04-02_18-13-25,1,0,2,3,0,94.97,0.00,12.02,18.57,EW,GREEN,4,15
2026-04-02_18-13-26,1,0,2,4,0,94.13,0.00,13.70,21.64,EW,GREEN,2,15
2026-04-02_18-13-27,1,0,2,4,0,93.02,0.00,15.91,26.08,EW,GREEN,1,15
2026-04-02_18-13-28,1,0,2,4,0,91.94,0.00,18.09,29.61,EW,GREEN,0,15
2026-04-02_18-13-29,1,0,2,3,0,91.12,0.00,19.72,32.33,EW,YELLOW,3,15
2026-04-02_18-13-30,1,0,2,3,0,90.01,0.00,21.94,36.21,EW,YELLOW,1,15
2026-04-02_18-13-31,1,0,2,3,0,89.16,0.00,23.65,39.34,EW,YELLOW,1,15
2026-04-02_18-13-34,1,0,2,4,0,85.98,0.00,29.99,52.03,EW,ALL_RED,3,15
2026-04-02_18-13-35,1,0,2,3,0,85.04,0.00,31.88,54.86,EW,ALL_RED,2,15
2026-04-02_18-13-36,1,0,2,3,0,84.13,0.00,33.70,58.24,EW,ALL_RED,1,15
2026-04-02_18-13-37,1,0,2,3,0,83.03,0.00,35.90,61.55,EW,ALL_RED,0,15
2026-04-02_18-13-38,1,0,2,3,0,83.30,0.00,35.36,60.74,NS,GREEN,14,15
2026-04-02_18-13-39,1,0,2,3,0,84.37,0.00,33.22,56.98,NS,GREEN,13,15
2026-04-02_18-13-40,1,0,2,3,0,85.43,0.00,31.11,54.35,NS,GREEN,14,15
2026-04-02_18-13-41,1,0,2,3,0,86.50,0.00,28.96,51.42,NS,GREEN,13,15
2026-04-02_18-13-42,1,0,2,3,0,87.31,0.00,27.34,48.99,NS,GREEN,14,15
2026-04-02_18-13-43,1,0,2,2,0,88.41,0.00,25.14,45.94,NS,GREEN,13,15
2026-04-02_18-13-44,1,0,2,2,0,89.47,0.00,23.02,43.01,NS,GREEN,14,15
2026-04-02_18-13-45,1,0,2,2,0,90.54,0.00,20.89,39.54,NS,GREEN,13,15
2026-04-02_18-13-46,1,0,2,3,0,91.35,0.00,19.25,36.82,NS,GREEN,14,15
2026-04-02_18-13-49,1,0,2,2,0,94.50,0.00,12.95,30.18,NS,GREEN,13,15
2026-04-02_18-13-50,1,0,2,2,0,95.49,0.00,10.98,28.21,NS,GREEN,12,15
2026-04-02_18-13-51,1,0,2,3,0,96.38,0.00,9.20,26.15,NS,GREEN,11,15
2026-04-02_18-13-52,1,0,2,3,0,97.49,0.00,6.98,23.10,NS,GREEN,12,15
2026-04-02_18-13-53,1,0,2,4,0,98.30,0.00,5.36,20.13,NS,GREEN,11,15
2026-04-02_18-13-54,1,0,2,2,0,99.37,0.00,3.22,16.89,NS,GREEN,12,15
2026-04-02_18-13-55,1,0,2,3,0,100.46,0.00,1.04,13.91,NS,GREEN,11,15
2026-04-02_18-13-56,1,0,2,2,0,101.82,0.00,0.00,10.66,NS,GREEN,12,15
2026-04-02_18-13-57,1,0,2,3,0,102.65,0.00,0.00,7.89,NS,GREEN,11,15
2026-04-02_18-13-58,1,0,2,2,0,103.76,0.00,0.00,5.68,NS,GREEN,10,15
2026-04-02_18-13-59,1,0,2,2,0,104.83,0.00,0.00,3.52,NS,GREEN,9,15
2026-04-02_18-14-00,1,0,2,2,0,105.65,0.00,0.00,1.89,NS,GREEN,8,15
2026-04-02_18-14-01,1,0,2,3,0,106.75,0.00,0.00,0.00,NS,GREEN,7,15
2026-04-02_18-14-04,1,0,2,3,0,109.90,0.00,0.00,0.00,NS,GREEN,4,15
2026-04-02_18-14-05,1,0,2,2,0,110.69,0.00,0.00,0.00,NS,GREEN,3,15
2026-04-02_18-14-06,1,0,2,4,0,111.70,0.00,0.00,0.00,NS,GREEN,2,15
2026-04-02_18-14-07,1,0,2,2,0,112.67,0.00,0.00,0.00,NS,GREEN,1,15
2026-04-02_18-14-08,1,0,2,2,0,113.76,0.00,0.00,0.00,NS,GREEN,0,15
2026-04-02_18-14-09,1,0,2,3,0,114.61,0.00,0.00,0.00,NS,YELLOW,2,15
2026-04-02_18-14-10,1,0,2,2,0,115.67,0.00,0.00,0.00,NS,YELLOW,1,15
2026-04-02_18-14-11,1,0,2,2,0,116.72,0.00,0.00,0.00,NS,YELLOW,0,15
2026-04-02_18-14-12,1,0,2,3,0,117.79,0.00,0.00,0.00,NS,ALL_RED,2,15
2026-04-02_18-14-13,1,0,2,4,0,118.59,0.00,0.00,0.00,NS,ALL_RED,1,15
2026-04-02_18-14-14,1,0,2,3,0,119.62,0.00,0.00,0.00,NS,ALL_RED,0,15
2026-04-02_18-14-15,1,0,2,3,0,120.15,0.00,0.51,0.76,EW,GREEN,14,15
