scenario_type,cars_N,cars_S,cars_E,cars_W,wait_N,wait_S,wait_E,wait_W,phase_flag,rush_flag,ped_flag,best_green_time
medium,1,0,1,0,0.0,0.0,6.0,0.0,0,0,0,10
medium,0,1,0,0,0.0,31.0,0.0,0.0,0,0,1,20
medium,2,0,0,0,3.0,0.0,0.0,0.0,0,0,0,10
medium,3,3,0,0,70.0,62.0,0.0,0.0,0,0,0,10
medium,1,2,0,0,32.0,87.0,0.0,0.0,0,0,0,10
medium,1,0,0,0,0.0,0.0,0.0,0.0,1,0,0,10
medium,1,0,0,1,1.0,0.0,0.0,1.0,0,0,0,10
medium,0,1,1,2,0.0,3.0,13.0,19.0,1,0,0,10
medium,2,2,1,0,8.0,12.0,2.0,0.0,0,0,0,10
medium,0,0,3,1,0.0,0.0,14.0,6.0,1,0,1,20
medium,2,2,1,0,13.0,15.0,1.0,0.0,0,0,0,10
medium,0,0,1,2,0.0,0.0,0.0,11.0,1,0,0,10
medium,1,2,2,1,5.0,19.0,3.0,1.0,0,0,0,10
medium,0,0,4,0,0.0,0.0,30.0,0.0,1,0,0,10
medium,1,2,0,0,1.0,8.0,0.0,0.0,0,0,0,10
medium,0,0,0,2,0.0,0.0,0.0,6.0,1,0,0,10
medium,3,2,1,0,17.0,9.0,3.0,0.0,0,0,1,20
medium,2,1,4,0,1.0,1.0,45.0,0.0,1,0,0,10
medium,2,2,1,1,14.0,24.0,1.0,0.0,0,0,1,20
medium,1,0,2,3,1.0,0.0,48.0,32.0,1,0,0,10
medium,2,2,1,0,24.0,24.0,0.0,0.0,0,0,0,10
medium,1,1,1,1,1.0,2.0,6.0,1.0,1,0,0,10
medium,2,2,0,0,10.0,11.0,0.0,0.0,0,0,0,10
medium,0,0,0,2,0.0,0.0,0.0,5.0,1,0,0,10
medium,0,2,0,0,0.0,20.0,0.0,0.0,0,0,0,10
medium,0,1,0,1,0.0,2.0,0.0,2.0,1,0,0,10
medium,1,1,1,0,1.0,4.0,3.0,0.0,0,0,0,10
medium,1,0,2,1,3.0,0.0,7.0,5.0,1,0,0,10
medium,2,2,1,0,11.0,12.0,2.0,0.0,0,0,0,10
medium,1,1,2,0,2.0,1.0,10.0,0.0,1,0,0,10
medium,2,1,1,0,8.0,4.0,2.0,0.0,0,0,0,10
medium,1,1,1,2,1.0,4.0,7.0,9.0,1,0,1,20
medium,5,3,1,1,48.0,35.0,2.0,2.0,0,0,0,10
medium,1,1,2,1,3.0,2.0,14.0,11.0,1,0,0,10
medium,1,3,1,0,6.0,30.0,1.0,0.0,0,0,0,10
medium,1,2,3,1,1.0,25.0,29.0,6.0,1,0,0,10
medium,1,2,0,1,8.0,20.0,0.0,0.0,0,0,0,10
medium,1,1,0,1,0.0,2.0,0.0,7.0,1,0,0,10
medium,1,4,1,0,1.0,44.0,0.0,0.0,0,0,0,10
medium,0,2,2,1,0.0,4.0,8.0,5.0,1,0,0,10
medium,1,3,0,0,1.0,48.0,0.0,0.0,0,0,0,10
medium,0,1,1,1,0.0,1.0,1.0,5.0,1,0,0,10
medium,1,4,1,0,2.0,46.0,3.0,0.0,0,0,0,15
medium,0,1,2,1,0.0,1.0,14.0,10.0,1,0,0,10
medium,1,1,0,1,5.0,9.0,0.0,0.0,0,0,0,10
medium,1,0,1,1,3.0,0.0,2.0,5.0,1,0,0,10
medium,2,2,1,0,11.0,12.0,0.0,0.0,0,0,0,10
medium,0,0,1,1,0.0,0.0,6.0,5.0,1,0,0,10
medium,0,2,0,0,0.0,22.0,0.0,0.0,0,0,0,10
medium,0,0,1,1,0.0,0.0,3.0,6.0,1,0,0,10
medium,1,1,0,1,6.0,8.0,0.0,3.0,0,0,0,10
medium,1,0,1,1,0.0,0.0,2.0,3.0,1,0,0,10
medium,0,2,2,0,0.0,22.0,4.0,0.0,0,0,0,10
medium,0,1,2,1,0.0,2.0,26.0,7.0,1,0,0,10
medium,0,2,1,0,0.0,37.0,1.0,0.0,0,0,0,10
medium,0,0,2,1,0.0,0.0,11.0,5.0,1,0,0,10
medium,1,3,0,1,1.0,42.0,0.0,0.0,0,0,0,10
medium,0,1,1,1,0.0,2.0,2.0,7.0,1,0,0,10
medium,1,2,0,0,4.0,37.0,0.0,0.0,0,0,0,10
medium,1,2,2,1,1.0,18.0,13.0,5.0,1,0,0,10
medium,2,4,1,1,10.0,33.0,1.0,0.0,0,0,0,10
medium,0,2,3,1,0.0,4.0,24.0,4.0,1,0,0,10
medium,0,2,1,0,0.0,39.0,1.0,0.0,0,0,0,10
medium,1,0,1,1,0.0,0.0,6.0,6.0,1,0,0,10
medium,1,3,0,0,1.0,37.0,0.0,0.0,0,0,0,10
medium,1,1,1,1,0.0,1.0,1.0,5.0,1,0,0,10
medium,1,2,0,0,5.0,37.0,0.0,0.0,0,0,0,10
medium,0,3,2,1,0.0,21.0,13.0,4.0,1,0,0,10
medium,1,4,0,1,3.0,39.0,0.0,0.0,0,0,0,15
medium,1,0,3,2,0.0,0.0,41.0,11.0,1,0,0,10
medium,3,0,1,0,7.0,0.0,2.0,0.0,0,0,0,10
medium,1,1,2,1,2.0,4.0,13.0,6.0,1,0,0,10
medium,3,1,2,1,24.0,8.0,2.0,0.0,0,0,0,10
medium,0,2,3,1,0.0,3.0,29.0,6.0,1,0,0,10
medium,1,3,1,0,4.0,43.0,1.0,0.0,0,0,0,10
medium,0,3,2,1,0.0,30.0,24.0,4.0,1,0,0,10
medium,0,3,2,0,0.0,33.0,1.0,0.0,0,0,0,10
medium,1,0,3,1,3.0,0.0,31.0,4.0,1,0,0,10
medium,2,2,1,0,9.0,22.0,1.0,0.0,0,0,0,10
medium,1,0,3,1,3.0,0.0,30.0,4.0,1,0,0,10
medium,2,2,0,1,13.0,23.0,0.0,0.0,0,0,0,10
medium,1,1,1,1,2.0,1.0,1.0,5.0,1,0,0,10
medium,1,3,0,0,6.0,37.0,0.0,0.0,0,0,0,10
medium,1,0,1,1,0.0,0.0,4.0,6.0,1,0,0,10
medium,1,3,1,1,7.0,26.0,1.0,0.0,0,0,0,10
medium,1,1,1,1,2.0,1.0,6.0,5.0,1,0,0,10
medium,2,2,1,0,7.0,24.0,1.0,0.0,0,0,0,10
medium,1,1,2,1,1.0,1.0,12.0,4.0,1,0,0,10
medium,1,3,0,1,8.0,41.0,0.0,0.0,0,0,0,10
medium,2,0,1,1,2.0,0.0,2.0,4.0,1,0,0,10
medium,1,3,0,0,5.0,42.0,0.0,0.0,0,0,0,10
medium,1,3,1,1,1.0,34.0,5.0,6.0,1,0,0,10
medium,2,3,0,0,11.0,31.0,0.0,0.0,0,0,0,10
medium,1,1,0,1,2.0,2.0,0.0,7.0,1,0,0,10
medium,1,3,1,0,6.0,41.0,2.0,0.0,0,0,0,10
medium,2,3,2,1,1.0,31.0,15.0,7.0,1,0,0,10
medium,1,3,1,0,9.0,31.0,2.0,0.0,0,0,0,10
medium,1,1,3,1,3.0,1.0,46.0,5.0,1,0,0,10
medium,1,3,1,0,4.0,41.0,2.0,0.0,0,0,0,10
medium,1,2,1,1,2.0,5.0,19.0,4.0,1,0,0,10
medium,2,4,0,0,11.0,45.0,0.0,0.0,0,0,0,10
medium,1,1,0,1,3.0,8.0,0.0,6.0,1,0,0,10
medium,3,3,0,0,12.0,35.0,0.0,0.0,0,0,0,15
medium,0,2,2,1,0.0,4.0,23.0,10.0,1,0,0,10
medium,1,4,0,1,6.0,51.0,0.0,0.0,0,0,0,10
medium,1,0,2,1,2.0,0.0,11.0,6.0,1,0,0,10
medium,1,3,0,0,3.0,43.0,0.0,0.0,0,0,0,10
medium,0,3,1,1,0.0,6.0,5.0,5.0,1,0,0,10
medium,0,4,1,1,0.0,50.0,4.0,0.0,0,0,0,10
medium,0,1,2,1,0.0,1.0,12.0,4.0,1,0,0,10
medium,2,3,1,0,8.0,46.0,1.0,0.0,0,0,0,10
medium,0,0,0,1,0.0,0.0,0.0,0.0,1,0,1,20
medium,0,0,1,1,0.0,0.0,1.0,3.0,0,0,0,10
medium,0,0,3,1,0.0,0.0,15.0,5.0,1,0,0,10
medium,0,0,0,1,0.0,0.0,0.0,2.0,0,0,0,10
medium,1,0,0,0,28.0,0.0,0.0,0.0,0,0,0,10
medium,0,0,1,0,0.0,0.0,0.0,0.0,1,0,0,10
medium,0,0,0,1,0.0,0.0,0.0,3.0,0,0,1,20
medium,1,0,5,2,1.0,0.0,58.0,32.0,1,0,1,20
medium,1,0,2,1,25.0,0.0,1.0,2.0,0,0,0,10
medium,0,0,0,1,0.0,0.0,0.0,9.0,1,0,0,10
medium,0,0,0,1,0.0,0.0,0.0,3.0,0,0,0,10
medium,2,0,2,1,2.0,0.0,9.0,17.0,1,0,0,10
medium,3,1,1,0,16.0,2.0,0.0,0.0,0,0,1,20
medium,0,0,3,2,0.0,0.0,18.0,16.0,1,0,1,20
medium,0,0,0,1,0.0,0.0,0.0,3.0,0,0,0,10
medium,0,0,1,2,0.0,0.0,9.0,26.0,1,0,0,10
medium,1,0,2,0,6.0,0.0,4.0,0.0,0,0,0,10
medium,0,0,5,1,0.0,0.0,66.0,10.0,1,0,0,15
medium,1,1,0,0,10.0,4.0,0.0,0.0,0,0,0,10
medium,0,0,3,2,0.0,0.0,33.0,6.0,1,0,0,10
medium,1,0,0,1,4.0,0.0,0.0,1.0,0,0,1,20
medium,1,0,2,2,1.0,0.0,14.0,25.0,1,0,1,20
medium,3,3,2,1,36.0,34.0,2.0,2.0,0,0,0,10
medium,1,0,2,2,4.0,0.0,14.0,14.0,1,0,0,10
medium,1,1,1,1,3.0,1.0,1.0,1.0,0,0,0,10
medium,0,0,3,3,0.0,0.0,22.0,42.0,1,0,0,10
medium,2,0,1,0,5.0,0.0,1.0,0.0,0,0,0,10
medium,0,1,2,2,0.0,3.0,12.0,6.0,1,0,1,20
medium,1,2,0,0,12.0,16.0,0.0,0.0,0,0,0,10
medium,0,0,2,1,0.0,0.0,13.0,3.0,1,0,0,10
medium,1,0,0,1,4.0,0.0,0.0,1.0,0,0,0,10
medium,0,0,2,1,0.0,0.0,14.0,4.0,1,0,1,20
medium,1,2,1,1,12.0,9.0,1.0,2.0,0,0,0,10
medium,0,0,2,3,0.0,0.0,12.0,37.0,1,0,1,20
medium,3,2,1,1,30.0,12.0,1.0,1.0,0,0,1,20
medium,1,0,2,2,1.0,0.0,38.0,39.0,1,0,0,10
medium,1,1,4,1,14.0,5.0,5.0,1.0,0,0,0,10
medium,0,1,3,1,0.0,1.0,34.0,3.0,1,0,0,10
medium,1,3,1,0,9.0,25.0,3.0,0.0,0,0,0,10
medium,0,0,1,1,0.0,0.0,8.0,2.0,1,0,0,10
medium,1,0,0,0,5.0,0.0,0.0,0.0,0,0,0,10
medium,0,1,1,1,0.0,0.0,2.0,4.0,1,0,0,10
medium,0,0,5,3,0.0,0.0,82.0,64.0,1,0,0,10
medium,0,1,1,0,0.0,0.0,0.0,0.0,0,0,0,10
medium,1,0,1,0,1.0,0.0,1.0,0.0,1,0,0,10
medium,3,2,0,0,20.0,9.0,0.0,0.0,0,0,0,10
medium,1,0,1,0,2.0,0.0,1.0,0.0,1,0,0,10
medium,1,1,1,0,5.0,6.0,2.0,0.0,0,0,0,10
medium,0,0,1,1,0.0,0.0,3.0,4.0,1,0,0,10
medium,1,1,0,0,1.0,1.0,0.0,0.0,0,0,0,10
medium,1,0,0,1,3.0,0.0,0.0,2.0,1,0,0,10
medium,1,0,0,1,6.0,0.0,0.0,1.0,0,0,0,10
medium,0,0,1,4,0.0,0.0,9.0,33.0,1,0,0,10
medium,0,0,0,2,0.0,0.0,0.0,3.0,0,0,0,10
medium,0,0,2,2,0.0,0.0,11.0,24.0,1,0,0,10
medium,1,0,0,1,5.0,0.0,0.0,2.0,0,0,0,10
medium,0,0,0,1,0.0,0.0,0.0,3.0,1,0,0,10
medium,0,1,1,1,0.0,1.0,1.0,3.0,0,0,0,10
medium,0,0,1,1,0.0,0.0,5.0,4.0,1,0,0,10
medium,1,0,3,1,6.0,0.0,3.0,0.0,0,0,0,10
medium,0,0,2,0,0.0,0.0,11.0,0.0,1,0,0,10
medium,0,1,1,0,0.0,1.0,0.0,0.0,0,0,0,10
medium,0,0,0,1,0.0,0.0,0.0,4.0,1,0,0,10
medium,1,0,2,2,7.0,0.0,1.0,3.0,0,0,0,10
medium,0,0,2,3,0.0,0.0,10.0,33.0,1,0,0,10
medium,0,0,0,2,0.0,0.0,0.0,3.0,0,0,0,10
medium,0,0,3,3,0.0,0.0,12.0,26.0,1,0,0,10
medium,1,1,1,0,5.0,1.0,0.0,0.0,0,0,0,10
medium,0,0,1,2,0.0,0.0,1.0,6.0,1,0,0,10
medium,0,1,2,0,0.0,1.0,1.0,0.0,0,0,0,10
medium,0,0,2,1,0.0,0.0,7.0,4.0,1,0,0,10
medium,1,0,2,0,7.0,0.0,4.0,0.0,0,0,0,10
medium,0,0,3,0,0.0,0.0,15.0,0.0,1,0,0,10
medium,0,0,4,3,0.0,0.0,70.0,78.0,1,0,0,10
medium,1,0,0,1,0.0,0.0,0.0,0.0,0,0,0,10
medium,4,4,0,0,115.0,96.0,0.0,0.0,0,0,0,10
medium,1,0,1,0,2.0,0.0,0.0,0.0,1,0,0,10
medium,1,1,1,1,3.0,1.0,1.0,2.0,0,0,0,10
medium,0,1,2,3,0.0,0.0,14.0,29.0,1,0,0,10
medium,0,1,1,2,0.0,6.0,3.0,3.0,0,0,0,10
medium,0,0,3,3,0.0,0.0,31.0,43.0,1,0,0,10
medium,1,0,2,0,8.0,0.0,2.0,0.0,0,0,0,10
medium,0,0,1,1,0.0,0.0,6.0,5.0,1,0,0,10
medium,0,1,1,1,0.0,6.0,1.0,0.0,0,0,0,10
medium,0,0,2,0,0.0,0.0,10.0,0.0,1,0,0,10
medium,1,0,0,1,6.0,0.0,0.0,0.0,0,0,0,10
medium,0,0,1,1,0.0,0.0,1.0,4.0,1,0,0,10
medium,0,1,1,1,0.0,5.0,0.0,0.0,0,0,0,10
medium,2,1,0,0,54.0,26.0,0.0,0.0,0,0,0,10
medium,2,4,1,1,48.0,88.0,1.0,3.0,0,0,0,10
medium,0,0,4,2,0.0,0.0,15.0,33.0,1,0,0,10
medium,1,1,2,1,5.0,2.0,13.0,1.0,0,0,0,10
medium,0,1,5,3,0.0,0.0,46.0,21.0,1,0,0,10
medium,1,1,1,0,5.0,6.0,0.0,0.0,0,0,0,10
medium,0,0,0,1,0.0,0.0,0.0,1.0,1,0,0,10
medium,1,1,0,0,6.0,1.0,0.0,0.0,0,0,0,10
medium,0,0,0,1,0.0,0.0,0.0,5.0,1,0,0,10
medium,1,1,1,0,4.0,6.0,1.0,0.0,0,0,0,10
medium,0,0,3,1,0.0,0.0,16.0,2.0,1,0,0,10
medium,1,1,2,0,6.0,1.0,2.0,0.0,0,0,0,10
medium,0,0,1,2,0.0,0.0,3.0,7.0,1,0,0,10
medium,1,1,0,0,6.0,5.0,0.0,0.0,0,0,0,10
medium,0,0,0,1,0.0,0.0,0.0,2.0,1,0,1,20
medium,0,0,1,0,0.0,0.0,1.0,0.0,0,0,0,10
medium,1,0,0,2,2.0,0.0,0.0,13.0,1,0,0,10
medium,0,0,0,1,0.0,0.0,0.0,22.0,1,0,0,10
medium,1,0,0,0,0.0,0.0,0.0,0.0,0,0,0,10
medium,2,0,0,2,2.0,0.0,0.0,12.0,1,0,0,10
medium,3,0,0,0,19.0,0.0,0.0,0.0,0,0,0,10
medium,3,1,0,0,115.0,26.0,0.0,0.0,0,0,0,10
medium,2,0,0,1,22.0,0.0,0.0,0.0,1,0,0,10
medium,4,0,1,0,37.0,0.0,1.0,0.0,0,0,0,10
medium,2,0,0,1,9.0,0.0,0.0,6.0,1,0,0,10
medium,4,1,0,2,49.0,6.0,0.0,22.0,0,0,0,15
medium,1,0,1,5,1.0,0.0,11.0,64.0,1,0,1,20
medium,6,0,1,1,102.0,0.0,1.0,2.0,0,0,0,10
medium,1,0,1,1,2.0,0.0,11.0,12.0,1,0,0,10
medium,3,1,0,2,31.0,6.0,0.0,6.0,0,0,0,10
medium,1,0,0,6,1.0,0.0,0.0,72.0,1,0,0,10
medium,2,1,1,1,22.0,4.0,0.0,2.0,0,0,0,10
medium,3,0,1,4,6.0,0.0,5.0,61.0,1,0,0,15
medium,7,2,0,1,103.0,12.0,0.0,2.0,0,0,0,10
medium,2,0,0,4,2.0,0.0,0.0,38.0,1,0,0,10
medium,6,1,1,1,75.0,3.0,1.0,3.0,0,0,0,15
medium,1,0,2,4,1.0,0.0,13.0,47.0,1,0,0,15
medium,6,2,0,1,95.0,23.0,0.0,2.0,0,0,0,15
medium,1,0,1,5,2.0,0.0,9.0,57.0,1,0,0,10
medium,5,1,0,1,59.0,4.0,0.0,2.0,0,0,0,10
medium,2,0,1,2,1.0,0.0,5.0,12.0,1,0,1,20
medium,7,1,1,1,118.0,17.0,1.0,0.0,0,0,0,10
medium,2,0,2,1,1.0,0.0,23.0,10.0,1,0,1,20
medium,6,2,0,1,112.0,18.0,0.0,1.0,0,0,0,15
medium,1,0,0,5,1.0,0.0,0.0,76.0,1,0,1,25
medium,7,2,0,0,150.0,28.0,0.0,0.0,0,0,1,20
medium,0,1,0,0,0.0,2.0,0.0,0.0,1,0,0,10
medium,6,1,0,1,71.0,10.0,0.0,1.0,0,0,0,10
medium,5,0,0,3,44.0,0.0,0.0,25.0,1,0,0,10
medium,6,0,0,2,56.0,0.0,0.0,4.0,0,0,0,10
medium,1,1,2,5,2.0,0.0,9.0,64.0,1,0,0,10
medium,6,0,0,1,69.0,0.0,0.0,1.0,0,0,0,15
medium,3,0,1,4,7.0,0.0,9.0,61.0,1,0,0,10
medium,5,0,0,2,61.0,0.0,0.0,6.0,0,0,0,10
medium,2,0,2,4,4.0,0.0,5.0,47.0,1,0,0,10
medium,7,1,0,0,94.0,3.0,0.0,0.0,0,0,0,10
medium,1,0,1,3,2.0,0.0,6.0,27.0,1,0,0,10
medium,7,1,0,1,84.0,4.0,0.0,1.0,0,0,0,10
medium,1,0,2,4,2.0,0.0,7.0,42.0,1,0,0,10
medium,5,0,0,2,71.0,0.0,0.0,3.0,0,0,0,10
medium,0,0,0,4,0.0,0.0,0.0,45.0,1,0,0,10
medium,4,1,0,2,52.0,4.0,0.0,5.0,0,0,0,15
medium,1,0,2,3,1.0,0.0,16.0,45.0,1,0,0,10
medium,4,0,0,3,53.0,0.0,0.0,3.0,0,0,0,10
medium,5,0,1,3,47.0,0.0,1.0,26.0,1,0,0,10
medium,6,1,0,2,56.0,6.0,0.0,3.0,0,0,0,15
medium,0,0,2,3,0.0,0.0,19.0,35.0,1,0,0,10
medium,7,1,0,2,81.0,4.0,0.0,2.0,0,0,0,10
medium,6,1,1,3,50.0,1.0,1.0,26.0,1,0,0,10
medium,6,1,0,0,56.0,3.0,0.0,0.0,0,0,0,15
medium,1,0,2,4,1.0,0.0,15.0,39.0,1,0,0,10
medium,7,1,0,2,80.0,4.0,0.0,2.0,0,0,0,10
medium,6,0,1,2,47.0,0.0,1.0,24.0,1,0,0,10
medium,6,1,0,1,57.0,5.0,0.0,1.0,0,0,0,10
medium,0,0,2,2,0.0,0.0,8.0,18.0,1,0,0,10
medium,6,0,0,2,63.0,0.0,0.0,4.0,0,0,0,15
medium,0,0,1,4,0.0,0.0,5.0,46.0,1,0,0,10
medium,4,1,1,2,21.0,10.0,2.0,7.0,0,0,0,15
medium,1,0,3,3,1.0,0.0,26.0,34.0,1,0,0,10
medium,5,2,0,2,55.0,8.0,0.0,2.0,0,0,0,20
medium,3,1,1,4,5.0,1.0,8.0,62.0,1,0,0,15
medium,6,1,0,1,129.0,19.0,0.0,3.0,0,0,0,10
medium,0,0,3,3,0.0,0.0,15.0,21.0,1,0,0,15
medium,5,2,0,2,89.0,7.0,0.0,3.0,0,0,0,15
medium,1,0,0,5,3.0,0.0,0.0,55.0,1,0,0,10
medium,7,1,0,0,88.0,9.0,0.0,0.0,0,0,0,20
medium,0,1,2,5,0.0,1.0,30.0,102.0,1,0,0,10
medium,5,2,0,2,69.0,13.0,0.0,2.0,0,0,0,10
medium,3,2,1,2,15.0,4.0,1.0,23.0,1,0,0,10
medium,6,0,0,0,69.0,0.0,0.0,0.0,0,0,0,10
medium,0,0,1,5,0.0,0.0,5.0,41.0,1,0,0,10
medium,5,1,0,2,65.0,1.0,0.0,3.0,0,0,0,10
medium,2,0,0,4,5.0,0.0,0.0,45.0,1,0,0,10
medium,5,0,0,2,51.0,0.0,0.0,1.0,0,0,0,15
medium,1,0,2,5,1.0,0.0,13.0,65.0,1,0,0,10
medium,5,2,0,2,56.0,7.0,0.0,4.0,0,0,0,20
medium,0,1,2,5,0.0,1.0,14.0,87.0,1,0,0,20
medium,8,0,1,1,141.0,0.0,1.0,1.0,0,0,0,10
medium,1,0,2,4,1.0,0.0,25.0,37.0,1,0,0,10
medium,5,0,0,1,64.0,0.0,0.0,2.0,0,0,0,10
medium,6,0,0,4,44.0,0.0,0.0,43.0,1,0,0,10
medium,6,1,1,2,54.0,6.0,0.0,4.0,0,0,0,10
medium,2,1,2,4,3.0,0.0,5.0,66.0,1,0,0,10
medium,5,1,0,3,74.0,1.0,0.0,7.0,0,0,0,15
medium,3,0,0,5,9.0,0.0,0.0,93.0,1,0,0,15
medium,7,0,0,1,86.0,0.0,0.0,1.0,0,0,0,10
medium,1,0,2,4,2.0,0.0,20.0,37.0,1,0,0,10
medium,5,0,0,3,61.0,0.0,0.0,4.0,0,0,0,15
medium,1,0,0,4,1.0,0.0,0.0,55.0,1,0,0,10
medium,4,1,0,1,51.0,11.0,0.0,0.0,0,0,0,10
medium,2,0,1,4,3.0,0.0,4.0,39.0,1,0,0,10
medium,4,0,0,1,50.0,0.0,0.0,1.0,0,0,0,10
medium,1,0,0,3,2.0,0.0,0.0,31.0,1,0,0,10
medium,5,1,1,1,60.0,5.0,0.0,1.0,0,0,0,10
medium,1,0,1,2,3.0,0.0,3.0,22.0,1,0,0,10
medium,6,0,0,1,68.0,0.0,0.0,2.0,0,0,0,15
medium,1,0,0,4,2.0,0.0,0.0,71.0,1,0,0,10
medium,5,0,0,1,51.0,0.0,0.0,1.0,0,0,0,10
medium,2,0,2,4,3.0,0.0,6.0,45.0,1,0,0,10
medium,6,0,0,2,86.0,0.0,0.0,4.0,0,0,0,15
medium,0,0,0,4,0.0,0.0,0.0,51.0,1,0,0,10
medium,1,0,0,0,2.0,0.0,0.0,0.0,1,0,1,20
medium,0,0,1,0,0.0,0.0,2.0,0.0,0,0,0,10
medium,0,0,3,0,0.0,0.0,25.0,0.0,1,0,0,10
medium,0,1,0,0,0.0,2.0,0.0,0.0,1,0,1,20
medium,0,1,2,0,0.0,0.0,1.0,0.0,0,0,0,10
medium,0,1,3,1,0.0,1.0,20.0,9.0,1,0,0,10
medium,3,3,1,0,43.0,29.0,2.0,0.0,0,0,0,15
medium,1,0,6,0,1.0,0.0,75.0,0.0,1,0,0,15
medium,2,1,1,0,28.0,16.0,0.0,0.0,0,0,0,10
medium,0,0,3,2,0.0,0.0,37.0,14.0,1,0,0,10
medium,1,1,1,0,5.0,4.0,0.0,0.0,0,0,0,10
medium,0,1,3,0,0.0,4.0,30.0,0.0,1,0,0,10
medium,0,2,3,1,0.0,24.0,3.0,0.0,0,0,1,20
medium,1,1,4,3,1.0,1.0,48.0,15.0,1,0,0,10
medium,1,2,1,0,14.0,14.0,1.0,0.0,0,0,0,10
medium,0,0,4,0,0.0,0.0,35.0,0.0,1,0,0,10
medium,2,2,3,1,16.0,10.0,2.0,0.0,0,0,0,10
medium,1,0,3,0,0.0,0.0,33.0,0.0,1,0,1,20
medium,3,2,1,0,24.0,24.0,1.0,0.0,0,0,0,15
medium,0,0,3,0,0.0,0.0,29.0,0.0,1,0,0,10
medium,2,1,2,0,19.0,5.0,4.0,0.0,0,0,0,10
medium,0,2,4,1,0.0,3.0,28.0,5.0,1,0,0,10
medium,2,2,4,0,12.0,13.0,31.0,0.0,0,0,0,10
medium,1,0,5,1,1.0,0.0,49.0,4.0,1,0,1,45
medium,2,4,0,0,64.0,137.0,0.0,0.0,0,0,0,10
medium,0,1,0,0,0.0,1.0,0.0,0.0,1,0,0,10
medium,1,1,2,1,2.0,4.0,1.0,1.0,0,0,0,10
medium,0,0,3,3,0.0,0.0,17.0,17.0,1,0,0,10
medium,0,0,1,0,0.0,0.0,2.0,0.0,0,0,0,10
medium,0,1,4,0,0.0,0.0,41.0,0.0,1,0,0,10
medium,1,1,2,1,1.0,4.0,1.0,0.0,0,0,0,10
medium,0,0,1,0,0.0,0.0,8.0,0.0,1,0,0,10
medium,1,0,2,0,1.0,0.0,2.0,0.0,0,0,0,10
medium,0,0,2,0,0.0,0.0,11.0,0.0,1,0,0,10
medium,1,1,1,0,1.0,7.0,1.0,0.0,0,0,0,10
medium,0,0,2,0,0.0,0.0,13.0,0.0,1,0,0,10
medium,0,1,1,0,0.0,2.0,1.0,0.0,0,0,0,10
medium,0,0,2,0,0.0,0.0,6.0,0.0,1,0,0,10
medium,1,1,2,0,3.0,6.0,1.0,0.0,0,0,0,10
medium,0,0,2,0,0.0,0.0,12.0,0.0,1,0,0,10
medium,0,1,3,0,0.0,3.0,2.0,0.0,0,0,0,10
medium,0,0,2,0,0.0,0.0,13.0,0.0,1,0,0,10
medium,0,1,3,1,0.0,5.0,6.0,0.0,0,0,0,10
medium,0,0,3,0,0.0,0.0,36.0,0.0,1,0,0,10
medium,0,1,1,0,0.0,1.0,1.0,0.0,0,0,0,10
medium,0,1,2,0,0.0,0.0,21.0,0.0,1,0,0,10
medium,1,1,2,0,2.0,5.0,1.0,0.0,0,0,0,10
medium,0,1,1,0,0.0,0.0,4.0,0.0,1,0,0,10
medium,0,1,1,0,0.0,2.0,2.0,0.0,0,0,0,10
medium,0,0,2,0,0.0,0.0,13.0,0.0,1,0,0,10
medium,0,1,1,0,0.0,5.0,2.0,0.0,0,0,0,10
medium,0,1,2,1,0.0,0.0,13.0,2.0,1,0,0,10
medium,1,1,0,0,1.0,1.0,0.0,0.0,0,0,0,10
medium,0,0,3,0,0.0,0.0,30.0,0.0,1,0,0,10
medium,1,1,1,0,1.0,4.0,1.0,0.0,0,0,0,10
medium,0,0,3,0,0.0,0.0,25.0,0.0,1,0,0,10
medium,1,0,1,0,1.0,0.0,0.0,0.0,0,0,0,10
medium,0,1,1,0,0.0,0.0,5.0,0.0,1,0,0,10
medium,1,1,1,1,1.0,5.0,1.0,0.0,0,0,0,10
medium,0,1,3,0,0.0,2.0,30.0,0.0,1,0,0,10
medium,0,1,2,0,0.0,2.0,1.0,0.0,0,0,0,10
medium,0,1,6,0,0.0,0.0,67.0,0.0,1,0,0,10
medium,0,1,1,0,0.0,4.0,3.0,0.0,0,0,0,10
medium,0,0,4,0,0.0,0.0,47.0,0.0,1,0,0,10
medium,0,1,2,0,0.0,3.0,1.0,0.0,0,0,0,10
medium,0,0,1,0,0.0,0.0,8.0,0.0,1,0,0,10
medium,1,1,2,1,1.0,5.0,2.0,0.0,0,0,0,10
medium,0,1,3,0,0.0,0.0,13.0,0.0,1,0,0,10
medium,0,0,2,0,0.0,0.0,2.0,0.0,0,0,0,10
medium,0,1,3,0,0.0,3.0,35.0,0.0,1,0,0,10
medium,0,2,2,0,0.0,6.0,1.0,0.0,0,0,0,10
medium,0,0,2,1,0.0,0.0,23.0,1.0,1,0,0,10
medium,0,2,1,0,0.0,9.0,1.0,0.0,0,0,0,10
medium,0,1,6,0,0.0,1.0,67.0,0.0,1,0,0,10
medium,0,1,1,0,0.0,4.0,1.0,0.0,0,0,0,10
medium,0,2,4,0,0.0,1.0,40.0,0.0,1,0,0,10
medium,1,1,1,0,2.0,4.0,1.0,0.0,0,0,0,10
medium,0,0,1,0,0.0,0.0,4.0,0.0,1,0,0,10
medium,0,1,1,1,0.0,5.0,0.0,0.0,0,0,0,10
medium,0,0,4,0,0.0,0.0,33.0,0.0,1,0,0,10
medium,0,1,0,0,0.0,1.0,0.0,0.0,0,0,0,10
medium,0,1,2,0,0.0,0.0,26.0,0.0,1,0,0,10
medium,2,1,1,0,10.0,5.0,1.0,0.0,0,0,0,10
medium,0,1,1,0,0.0,0.0,4.0,0.0,1,0,0,10
medium,0,1,4,0,0.0,1.0,7.0,0.0,0,0,0,10
medium,0,0,4,0,0.0,0.0,37.0,0.0,1,0,0,10
medium,1,1,2,1,1.0,5.0,2.0,0.0,0,0,0,10
medium,0,1,3,0,0.0,0.0,33.0,0.0,1,0,0,10
medium,0,1,2,0,0.0,1.0,1.0,0.0,0,0,0,10
medium,0,0,2,0,0.0,0.0,11.0,0.0,1,0,0,10
medium,1,1,1,0,1.0,6.0,2.0,0.0,0,0,0,10
medium,0,0,2,0,0.0,0.0,14.0,0.0,1,0,0,10
medium,0,1,1,0,0.0,2.0,1.0,0.0,0,0,0,10
medium,0,1,2,0,0.0,0.0,14.0,0.0,1,0,0,10
medium,1,1,2,0,1.0,6.0,1.0,0.0,0,0,0,10
medium,0,1,2,1,0.0,0.0,9.0,1.0,1,0,0,10
medium,1,1,2,0,1.0,1.0,1.0,0.0,0,0,0,10
medium,0,1,3,0,0.0,0.0,13.0,0.0,1,0,0,10
medium,1,1,1,1,1.0,5.0,2.0,0.0,0,0,0,10
medium,0,0,3,0,0.0,0.0,13.0,0.0,1,0,0,10
medium,0,0,1,0,0.0,0.0,17.0,0.0,0,0,0,10
rush,0,0,2,0,0.0,0.0,19.0,0.0,0,1,0,10
rush,0,1,1,0,0.0,0.0,8.0,0.0,1,1,1,20
rush,1,0,0,0,15.0,0.0,0.0,0.0,0,1,0,10
rush,0,0,1,0,0.0,0.0,30.0,0.0,1,1,0,10
rush,0,0,7,2,0.0,0.0,105.0,43.0,1,1,0,10
rush,0,0,3,3,0.0,0.0,5.0,27.0,0,1,0,10
rush,0,1,8,4,0.0,1.0,110.0,28.0,1,1,0,10
rush,3,2,4,1,17.0,12.0,6.0,2.0,0,1,0,10
rush,0,1,7,1,0.0,1.0,73.0,5.0,1,1,0,10
rush,0,1,3,0,0.0,6.0,4.0,0.0,0,1,0,10
rush,0,0,8,0,0.0,0.0,107.0,0.0,1,1,0,10
rush,2,1,3,0,17.0,5.0,5.0,0.0,0,1,1,20
rush,1,1,11,2,1.0,2.0,209.0,27.0,1,1,1,25
rush,4,4,0,1,51.0,52.0,0.0,1.0,0,1,0,10
rush,1,1,6,5,1.0,1.0,54.0,47.0,1,1,0,15
rush,3,2,3,2,29.0,15.0,7.0,5.0,0,1,0,10
rush,1,0,8,3,1.0,0.0,109.0,43.0,1,1,0,15
rush,4,1,2,0,45.0,3.0,4.0,0.0,0,1,1,20
rush,0,0,13,5,0.0,0.0,187.0,63.0,1,1,0,15
rush,4,1,4,4,35.0,7.0,10.0,8.0,0,1,1,20
rush,0,0,16,8,0.0,0.0,306.0,155.0,1,1,0,40
rush,6,5,2,0,171.0,135.0,3.0,0.0,0,1,0,20
rush,2,1,7,5,1.0,1.0,167.0,78.0,1,1,0,10
rush,3,3,5,2,16.0,35.0,27.0,2.0,0,1,1,25
rush,1,0,15,9,1.0,0.0,336.0,172.0,1,1,1,25
rush,5,2,3,2,70.0,3.0,8.0,5.0,0,1,0,15
rush,1,1,12,7,0.0,2.0,202.0,135.0,1,1,0,20
rush,6,2,8,1,73.0,40.0,107.0,1.0,0,1,0,10
rush,2,1,15,3,4.0,13.0,146.0,33.0,1,1,0,15
rush,6,3,5,1,75.0,16.0,22.0,3.0,0,1,1,30
rush,2,1,18,8,6.0,1.0,513.0,141.0,1,1,0,35
rush,7,4,2,1,146.0,61.0,2.0,2.0,0,1,0,10
rush,2,1,11,1,3.0,2.0,114.0,12.0,1,1,0,10
rush,5,1,2,3,56.0,2.0,3.0,5.0,0,1,0,10
rush,3,0,12,4,4.0,0.0,129.0,43.0,1,1,0,10
rush,4,0,3,1,60.0,0.0,3.0,1.0,0,1,0,10
rush,2,1,13,7,3.0,1.0,156.0,80.0,1,1,0,20
rush,8,3,6,3,127.0,60.0,37.0,14.0,0,1,0,10
rush,4,0,13,7,6.0,0.0,137.0,55.0,1,1,0,25
rush,8,3,2,1,182.0,28.0,3.0,1.0,0,1,0,10
rush,3,0,13,3,6.0,0.0,146.0,26.0,1,1,0,15
rush,7,1,6,3,101.0,5.0,36.0,4.0,0,1,0,10
rush,2,0,14,5,3.0,0.0,179.0,44.0,1,1,0,15
rush,4,1,10,1,64.0,4.0,80.0,3.0,0,1,0,10
rush,1,1,17,5,2.0,0.0,192.0,54.0,1,1,0,35
rush,9,3,4,1,212.0,62.0,9.0,3.0,0,1,0,10
rush,0,0,10,3,0.0,0.0,141.0,23.0,1,1,0,10
rush,3,0,9,0,30.0,0.0,59.0,0.0,0,1,0,10
rush,1,0,11,3,2.0,0.0,103.0,18.0,1,1,0,10
rush,4,2,10,3,33.0,7.0,55.0,20.0,0,1,0,10
rush,3,1,14,6,2.0,0.0,138.0,69.0,1,1,0,20
rush,7,2,1,3,108.0,12.0,2.0,12.0,0,1,0,10
rush,5,0,14,5,26.0,0.0,178.0,60.0,1,1,0,15
rush,9,1,7,2,143.0,4.0,57.0,3.0,0,1,0,10
rush,1,0,15,4,2.0,0.0,160.0,41.0,1,1,0,20
rush,7,2,0,1,155.0,11.0,0.0,1.0,0,1,0,15
rush,2,0,13,4,4.0,0.0,217.0,30.0,1,1,0,15
rush,6,3,10,2,82.0,19.0,89.0,1.0,0,1,0,10
rush,1,2,14,2,1.0,4.0,125.0,21.0,1,1,0,10
rush,5,2,8,2,41.0,11.0,47.0,2.0,0,1,0,10
rush,1,1,16,1,1.0,0.0,153.0,5.0,1,1,0,20
rush,6,3,9,1,112.0,17.0,106.0,14.0,0,1,0,10
rush,3,0,15,5,8.0,0.0,170.0,50.0,1,1,0,20
rush,7,3,8,0,113.0,21.0,33.0,0.0,0,1,0,15
rush,3,0,17,1,3.0,0.0,224.0,16.0,1,1,0,15
rush,5,3,9,0,59.0,19.0,60.0,0.0,0,1,0,10
rush,1,2,16,3,2.0,2.0,151.0,25.0,1,1,0,15
rush,4,3,12,1,45.0,14.0,86.0,3.0,0,1,0,10
rush,2,0,16,3,1.0,0.0,171.0,32.0,1,1,0,15
rush,5,1,11,1,70.0,4.0,81.0,0.0,0,1,0,10
rush,3,0,17,2,4.0,0.0,183.0,13.0,1,1,0,25
rush,7,4,5,0,145.0,33.0,65.0,0.0,0,1,0,20
rush,0,1,15,3,0.0,1.0,304.0,43.0,1,1,0,15
rush,4,3,11,1,31.0,30.0,107.0,0.0,0,1,0,15
rush,0,2,18,2,0.0,5.0,217.0,14.0,1,1,0,25
rush,8,4,11,0,145.0,79.0,199.0,0.0,0,1,0,10
rush,0,1,15,2,0.0,0.0,152.0,15.0,1,1,0,15
rush,5,2,8,1,78.0,5.0,42.0,3.0,0,1,0,10
rush,1,1,17,3,3.0,0.0,197.0,29.0,1,1,0,20
rush,3,3,9,2,26.0,29.0,103.0,3.0,0,1,0,10
rush,1,1,16,5,2.0,0.0,168.0,44.0,1,1,0,20
rush,4,3,5,1,49.0,16.0,14.0,0.0,0,1,0,10
rush,3,0,13,3,2.0,0.0,145.0,15.0,1,1,0,20
rush,7,3,9,0,106.0,26.0,117.0,0.0,0,1,0,10
rush,3,2,15,4,19.0,4.0,153.0,45.0,1,1,0,25
rush,7,6,2,2,124.0,113.0,5.0,4.0,0,1,0,10
rush,2,1,16,5,3.0,2.0,205.0,66.0,1,1,0,25
rush,9,3,4,0,170.0,57.0,11.0,0.0,0,1,0,20
rush,1,1,15,2,1.0,1.0,300.0,38.0,1,1,0,15
rush,5,4,2,3,81.0,37.0,3.0,3.0,0,1,0,10
rush,2,1,15,5,4.0,2.0,170.0,62.0,1,1,0,20
rush,7,3,2,1,96.0,63.0,4.0,1.0,0,1,0,10
rush,0,0,1,1,0.0,0.0,0.0,15.0,0,1,0,10
rush,1,0,1,0,1.0,0.0,0.0,0.0,1,1,1,20
rush,0,0,1,1,0.0,0.0,2.0,4.0,0,1,0,10
rush,0,0,1,0,0.0,0.0,8.0,0.0,1,1,0,10
rush,0,0,1,1,0.0,0.0,1.0,2.0,0,1,0,10
rush,0,0,2,1,0.0,0.0,10.0,10.0,1,1,1,20
rush,2,1,0,0,18.0,16.0,0.0,0.0,0,1,0,10
rush,0,0,2,1,0.0,0.0,8.0,7.0,1,1,0,10
rush,0,0,2,1,0.0,0.0,4.0,3.0,0,1,0,10
rush,0,0,4,2,0.0,0.0,32.0,5.0,1,1,0,10
rush,0,1,1,2,0.0,7.0,0.0,1.0,0,1,0,10
rush,0,1,0,4,0.0,0.0,0.0,57.0,1,1,0,10
rush,0,0,1,3,0.0,0.0,0.0,32.0,0,1,1,20
rush,1,0,4,8,3.0,0.0,34.0,156.0,1,1,1,25
rush,5,1,1,1,86.0,4.0,1.0,1.0,0,1,0,10
rush,1,0,2,3,1.0,0.0,14.0,15.0,1,1,0,10
rush,0,0,1,4,0.0,0.0,2.0,24.0,0,1,0,10
rush,1,0,3,5,0.0,0.0,18.0,60.0,1,1,1,20
rush,3,6,0,5,19.0,90.0,0.0,49.0,0,1,1,30
rush,0,1,7,12,0.0,1.0,99.0,288.0,1,1,1,25
rush,1,2,2,6,5.0,33.0,3.0,31.0,0,1,0,10
rush,1,3,4,11,3.0,21.0,33.0,97.0,1,1,1,20
rush,4,7,2,6,27.0,110.0,15.0,78.0,0,1,0,15
rush,0,3,6,15,0.0,9.0,67.0,206.0,1,1,0,30
rush,5,9,1,6,79.0,226.0,1.0,25.0,0,1,1,25
rush,1,0,1,16,1.0,0.0,5.0,353.0,1,1,0,20
rush,5,3,1,8,49.0,77.0,1.0,105.0,0,1,1,40
rush,0,0,11,19,0.0,0.0,311.0,691.0,1,1,1,40
rush,2,6,0,4,15.0,127.0,0.0,8.0,0,1,0,15
rush,0,1,0,10,0.0,1.0,0.0,203.0,1,1,0,20
rush,2,6,2,2,33.0,129.0,3.0,3.0,0,1,0,10
rush,0,3,3,9,0.0,13.0,29.0,121.0,1,1,0,10
rush,1,5,3,9,2.0,44.0,5.0,61.0,0,1,1,25
rush,1,1,10,18,2.0,1.0,217.0,382.0,1,1,0,35
rush,7,7,1,4,133.0,153.0,2.0,17.0,0,1,0,10
rush,1,3,0,11,2.0,31.0,0.0,135.0,1,1,0,15
rush,3,6,0,7,36.0,78.0,0.0,81.0,0,1,0,10
rush,1,4,1,11,0.0,22.0,6.0,117.0,1,1,0,10
rush,0,6,1,8,0.0,74.0,2.0,34.0,0,1,0,10
rush,1,5,3,14,2.0,26.0,21.0,151.0,1,1,0,20
rush,5,7,0,9,67.0,154.0,0.0,108.0,0,1,0,10
rush,1,6,3,15,3.0,44.0,9.0,168.0,1,1,0,25
rush,4,9,1,8,53.0,188.0,0.0,122.0,0,1,0,10
rush,1,4,4,15,0.0,29.0,19.0,170.0,1,1,0,20
rush,3,7,1,6,16.0,136.0,2.0,40.0,0,1,0,10
rush,1,4,3,15,1.0,7.0,23.0,214.0,1,1,0,20
rush,3,7,0,10,32.0,119.0,0.0,134.0,0,1,0,10
rush,1,4,2,16,0.0,35.0,13.0,157.0,1,1,0,15
rush,2,6,1,1,8.0,87.0,3.0,2.0,0,1,0,10
rush,0,1,2,18,0.0,1.0,10.0,203.0,1,1,0,35
rush,6,7,0,6,88.0,206.0,0.0,130.0,0,1,0,10
rush,1,1,1,13,0.0,8.0,12.0,171.0,1,1,0,15
rush,1,6,1,7,5.0,78.0,1.0,60.0,0,1,0,10
rush,0,1,2,15,0.0,2.0,16.0,172.0,1,1,0,20
rush,3,7,1,9,19.0,106.0,1.0,72.0,0,1,0,10
rush,1,4,4,15,1.0,45.0,46.0,146.0,1,1,0,25
rush,5,7,0,6,64.0,138.0,0.0,15.0,0,1,0,10
rush,1,2,2,13,3.0,7.0,12.0,129.0,1,1,0,20
rush,3,9,0,2,33.0,170.0,0.0,4.0,0,1,0,10
rush,0,5,3,13,0.0,40.0,20.0,159.0,1,1,0,10
rush,0,6,1,8,0.0,71.0,2.0,49.0,0,1,0,10
rush,1,6,2,16,1.0,53.0,19.0,157.0,1,1,0,15
rush,2,8,1,14,17.0,97.0,0.0,106.0,0,1,0,10
rush,1,5,1,20,1.0,42.0,4.0,302.0,1,1,0,30
rush,4,7,0,3,70.0,203.0,0.0,57.0,0,1,0,10
rush,0,1,3,12,0.0,1.0,11.0,142.0,1,1,0,10
rush,0,4,1,9,0.0,40.0,0.0,68.0,0,1,0,10
rush,0,5,2,14,0.0,45.0,15.0,149.0,1,1,0,15
rush,3,6,2,7,25.0,46.0,3.0,22.0,0,1,0,10
rush,2,3,6,16,2.0,7.0,77.0,177.0,1,1,0,40
rush,6,8,0,2,167.0,328.0,0.0,6.0,0,1,0,10
rush,1,3,1,4,0.0,18.0,0.0,70.0,1,1,0,10
rush,0,6,0,4,0.0,79.0,0.0,29.0,0,1,0,10
rush,2,3,1,9,4.0,18.0,5.0,91.0,1,1,0,10
rush,1,7,1,1,6.0,73.0,1.0,1.0,0,1,0,10
rush,0,4,3,9,0.0,28.0,17.0,115.0,1,1,0,10
rush,1,6,0,7,4.0,74.0,0.0,48.0,0,1,0,10
rush,0,1,1,13,0.0,1.0,8.0,153.0,1,1,0,20
rush,3,6,1,6,16.0,92.0,2.0,19.0,0,1,0,10
rush,0,2,4,14,0.0,16.0,28.0,146.0,1,1,0,30
rush,4,8,0,1,59.0,192.0,0.0,1.0,0,1,0,10
rush,1,1,2,8,2.0,1.0,10.0,103.0,1,1,0,10
rush,1,5,0,6,8.0,59.0,0.0,33.0,0,1,0,10
rush,0,3,2,11,0.0,30.0,15.0,122.0,1,1,0,10
rush,1,5,0,6,5.0,44.0,0.0,34.0,0,1,0,10
rush,0,2,4,15,0.0,4.0,37.0,167.0,1,1,0,20
rush,2,7,1,5,11.0,131.0,2.0,15.0,0,1,0,10
rush,1,3,3,14,3.0,14.0,27.0,158.0,1,1,0,25
rush,5,8,1,3,58.0,174.0,1.0,33.0,0,1,0,10
rush,1,1,3,14,4.0,1.0,20.0,176.0,1,1,0,15
rush,3,6,1,8,26.0,81.0,2.0,75.0,0,1,0,10
rush,1,3,3,16,3.0,28.0,21.0,173.0,1,1,0,15
rush,2,6,2,10,17.0,72.0,2.0,116.0,0,1,0,10
rush,0,2,3,16,0.0,4.0,20.0,134.0,1,1,0,20
rush,2,8,1,2,12.0,169.0,0.0,4.0,0,1,0,10
rush,1,5,1,13,0.0,39.0,7.0,149.0,1,1,0,20
rush,1,0,0,1,0.0,0.0,0.0,3.0,0,1,0,10
rush,1,0,0,0,31.0,0.0,0.0,0.0,0,1,1,20
rush,0,0,1,0,0.0,0.0,0.0,0.0,1,1,0,10
rush,1,0,0,0,6.0,0.0,0.0,0.0,0,1,0,10
rush,0,0,1,0,0.0,0.0,5.0,0.0,1,1,0,10
rush,1,0,1,0,4.0,0.0,3.0,0.0,0,1,0,10
rush,2,0,1,0,2.0,0.0,4.0,0.0,1,1,0,10
rush,1,0,1,0,10.0,0.0,0.0,0.0,0,1,1,20
rush,0,1,4,1,0.0,1.0,46.0,11.0,1,1,0,10
rush,1,0,1,0,5.0,0.0,0.0,0.0,0,1,0,10
rush,2,0,4,0,3.0,0.0,33.0,0.0,1,1,0,10
rush,2,0,1,0,13.0,0.0,2.0,0.0,0,1,0,10
rush,2,0,5,0,5.0,0.0,54.0,0.0,1,1,0,10
rush,4,1,2,2,36.0,1.0,2.0,16.0,0,1,1,20
rush,1,1,5,1,3.0,1.0,51.0,18.0,1,1,0,10
rush,6,0,3,0,61.0,0.0,6.0,0.0,0,1,1,20
rush,2,1,6,0,2.0,3.0,77.0,0.0,1,1,0,10
rush,4,2,3,0,42.0,16.0,6.0,0.0,0,1,0,10
rush,2,1,4,1,6.0,4.0,50.0,3.0,1,1,0,10
rush,7,1,4,1,85.0,4.0,15.0,1.0,0,1,0,10
rush,2,0,7,1,3.0,0.0,90.0,4.0,1,1,0,10
rush,10,3,4,0,134.0,21.0,8.0,0.0,0,1,0,10
rush,8,1,9,1,51.0,2.0,130.0,1.0,1,1,0,10
rush,14,1,6,0,140.0,8.0,43.0,0.0,0,1,0,20
rush,2,0,13,2,3.0,0.0,212.0,23.0,1,1,0,10
rush,14,2,3,0,174.0,12.0,6.0,0.0,0,1,0,10
rush,6,1,8,0,17.0,1.0,110.0,0.0,1,1,0,10
rush,16,3,3,0,198.0,24.0,6.0,0.0,0,1,0,30
rush,3,1,9,3,5.0,1.0,182.0,59.0,1,1,1,20
rush,10,3,1,0,237.0,48.0,1.0,0.0,0,1,0,10
rush,1,2,4,1,2.0,5.0,43.0,4.0,1,1,0,10
rush,13,4,3,0,158.0,49.0,3.0,0.0,0,1,0,20
rush,3,0,6,2,8.0,0.0,78.0,25.0,1,1,1,20
rush,14,3,2,0,280.0,34.0,2.0,0.0,0,1,0,25
rush,2,1,5,5,3.0,1.0,84.0,55.0,1,1,0,10
rush,11,4,4,2,150.0,49.0,8.0,4.0,0,1,0,10
rush,4,2,6,2,7.0,4.0,73.0,26.0,1,1,0,10
rush,13,3,4,0,157.0,31.0,9.0,0.0,0,1,0,10
rush,3,0,10,1,6.0,0.0,147.0,1.0,1,1,0,10
rush,14,1,3,0,196.0,5.0,8.0,0.0,0,1,0,20
rush,3,1,9,2,4.0,1.0,215.0,24.0,1,1,0,20
rush,16,3,1,0,321.0,63.0,0.0,0.0,0,1,0,25
rush,2,1,8,5,4.0,1.0,143.0,50.0,1,1,0,10
rush,9,2,4,1,120.0,33.0,6.0,1.0,0,1,0,10
rush,1,1,8,1,2.0,0.0,108.0,4.0,1,1,0,10
rush,10,4,4,1,107.0,46.0,9.0,0.0,0,1,0,10
rush,2,3,9,0,2.0,4.0,111.0,0.0,1,1,0,15
rush,12,4,3,0,168.0,70.0,8.0,0.0,0,1,0,10
rush,3,2,7,2,5.0,3.0,87.0,15.0,1,1,0,15
rush,12,3,2,0,192.0,26.0,13.0,0.0,0,1,0,10
rush,5,1,6,2,10.0,3.0,62.0,17.0,1,1,0,10
rush,15,2,1,1,200.0,11.0,2.0,0.0,0,1,0,25
rush,6,0,8,4,17.0,0.0,161.0,40.0,1,1,0,10
rush,13,3,3,0,163.0,12.0,2.0,0.0,0,1,0,10
rush,3,1,5,2,6.0,1.0,69.0,9.0,1,1,0,10
rush,12,5,2,1,169.0,48.0,4.0,0.0,0,1,0,25
rush,2,1,8,4,3.0,1.0,162.0,38.0,1,1,0,10
rush,11,2,4,0,150.0,15.0,6.0,0.0,0,1,0,25
rush,4,2,7,3,5.0,7.0,111.0,48.0,1,1,0,10
rush,10,5,3,0,138.0,37.0,5.0,0.0,0,1,0,10
rush,3,1,5,1,6.0,2.0,70.0,5.0,1,1,0,10
rush,11,5,2,0,136.0,68.0,4.0,0.0,0,1,0,10
rush,5,1,4,1,10.0,1.0,46.0,3.0,1,1,0,10
rush,14,3,3,0,150.0,27.0,6.0,0.0,0,1,0,25
rush,2,1,11,3,3.0,2.0,236.0,26.0,1,1,0,10
rush,12,3,2,0,160.0,31.0,2.0,0.0,0,1,0,10
rush,2,2,9,0,3.0,17.0,117.0,0.0,1,1,0,10
rush,14,5,3,3,173.0,44.0,4.0,19.0,0,1,0,15
rush,5,3,8,4,22.0,49.0,126.0,71.0,1,1,0,20
rush,18,5,5,1,257.0,50.0,141.0,2.0,0,1,0,40
rush,2,0,12,5,4.0,0.0,484.0,50.0,1,1,0,20
rush,7,0,2,0,163.0,0.0,3.0,0.0,0,1,0,10
rush,2,0,5,0,2.0,0.0,45.0,0.0,1,1,0,10
rush,5,2,1,0,62.0,11.0,2.0,0.0,0,1,0,10
rush,2,1,6,2,4.0,1.0,64.0,17.0,1,1,0,10
rush,7,4,5,0,92.0,36.0,24.0,0.0,0,1,0,10
rush,4,2,9,1,28.0,2.0,97.0,1.0,1,1,0,10
rush,11,2,8,0,132.0,7.0,47.0,0.0,0,1,0,10
rush,4,1,12,2,5.0,3.0,181.0,7.0,1,1,0,10
rush,14,1,4,1,174.0,4.0,16.0,2.0,0,1,0,20
rush,6,0,10,3,28.0,0.0,217.0,31.0,1,1,0,10
rush,16,3,2,0,213.0,32.0,3.0,0.0,0,1,0,20
rush,5,0,11,3,29.0,0.0,197.0,31.0,1,1,0,10
rush,16,1,3,0,189.0,14.0,2.0,0.0,0,1,0,20
rush,1,1,7,3,1.0,1.0,110.0,18.0,1,1,0,10
rush,14,3,2,0,166.0,15.0,4.0,0.0,0,1,0,20
rush,5,1,8,3,28.0,2.0,141.0,34.0,1,1,0,10
rush,12,1,2,1,141.0,10.0,2.0,0.0,0,1,0,10
rush,2,1,8,0,4.0,1.0,105.0,0.0,1,1,0,10
rush,11,3,6,1,147.0,25.0,24.0,1.0,0,1,0,10
rush,2,1,7,4,4.0,1.0,79.0,34.0,1,1,0,10
rush,14,5,6,1,161.0,45.0,35.0,3.0,0,1,0,20
rush,4,0,15,1,10.0,0.0,297.0,16.0,1,1,0,10
rush,15,2,5,1,168.0,16.0,22.0,0.0,0,1,0,25
rush,3,1,12,4,8.0,1.0,340.0,32.0,1,1,0,10
rush,13,3,3,1,173.0,21.0,4.0,2.0,0,1,0,10
rush,3,2,8,1,7.0,6.0,94.0,6.0,1,1,0,10
rush,12,4,4,0,170.0,51.0,5.0,0.0,0,1,0,10
rush,5,1,4,0,15.0,0.0,34.0,0.0,1,1,0,10
rush,16,2,2,0,204.0,6.0,3.0,0.0,0,1,0,25
rush,1,1,7,3,2.0,2.0,113.0,32.0,1,1,0,10
rush,10,3,3,1,130.0,19.0,6.0,0.0,0,1,0,20
rush,5,0,8,3,56.0,0.0,165.0,17.0,1,1,0,10
rush,0,1,0,0,0.0,1.0,0.0,0.0,1,1,1,20
rush,0,1,0,1,0.0,1.0,0.0,0.0,0,1,0,10
rush,0,2,0,0,0.0,4.0,0.0,0.0,1,1,1,20
rush,0,6,0,0,0.0,118.0,0.0,0.0,0,1,0,10
rush,0,2,0,0,0.0,3.0,0.0,0.0,1,1,0,10
rush,0,7,0,0,0.0,79.0,0.0,0.0,0,1,1,20
rush,0,1,1,0,0.0,1.0,15.0,0.0,1,1,0,10
rush,0,7,0,0,0.0,84.0,0.0,0.0,0,1,0,10
rush,0,2,1,1,0.0,2.0,5.0,5.0,1,1,1,20
rush,3,10,0,0,45.0,159.0,0.0,0.0,0,1,0,10
rush,1,1,1,1,1.0,3.0,11.0,1.0,1,1,1,20
rush,2,8,1,0,33.0,127.0,3.0,0.0,0,1,0,10
rush,0,3,3,0,0.0,2.0,22.0,0.0,1,1,1,20
rush,3,10,0,0,20.0,181.0,0.0,0.0,0,1,1,20
rush,1,1,0,2,1.0,1.0,0.0,32.0,1,1,1,20
rush,2,10,1,0,36.0,183.0,2.0,0.0,0,1,0,10
rush,2,3,3,1,2.0,5.0,30.0,6.0,1,1,0,10
rush,1,12,0,0,4.0,164.0,0.0,0.0,0,1,0,15
rush,0,2,2,4,0.0,2.0,21.0,28.0,1,1,0,10
rush,4,12,0,1,31.0,149.0,0.0,0.0,0,1,1,20
rush,1,3,3,3,2.0,23.0,20.0,20.0,1,1,0,10
rush,4,12,0,1,32.0,114.0,0.0,0.0,0,1,0,10
rush,2,3,1,2,6.0,3.0,4.0,15.0,1,1,1,20
rush,6,19,0,2,103.0,367.0,0.0,14.0,0,1,0,25
rush,0,8,5,6,0.0,81.0,75.0,112.0,1,1,0,10
rush,8,21,1,2,111.0,184.0,1.0,10.0,0,1,0,25
rush,1,16,3,7,2.0,125.0,70.0,185.0,1,1,1,35
rush,4,26,1,1,33.0,1020.0,2.0,2.0,0,1,0,25
rush,1,8,4,3,1.0,77.0,54.0,68.0,1,1,0,10
rush,4,20,1,2,20.0,218.0,3.0,1.0,0,1,0,25
rush,2,7,3,5,19.0,60.0,41.0,53.0,1,1,0,10
rush,3,18,0,2,40.0,201.0,0.0,3.0,0,1,0,20
rush,1,4,3,6,1.0,34.0,29.0,107.0,1,1,1,30
rush,7,22,1,1,147.0,572.0,2.0,1.0,0,1,0,35
rush,0,18,5,6,0.0,211.0,73.0,100.0,1,1,0,10
rush,0,17,2,0,0.0,134.0,13.0,0.0,0,1,0,15
rush,2,7,5,4,7.0,27.0,69.0,39.0,1,1,0,10
rush,4,19,2,2,37.0,199.0,1.0,1.0,0,1,0,20
rush,1,6,5,4,1.0,32.0,64.0,53.0,1,1,0,10
rush,1,19,1,0,13.0,212.0,0.0,0.0,0,1,0,20
rush,1,7,3,5,3.0,43.0,29.0,65.0,1,1,0,10
rush,3,22,0,2,27.0,247.0,0.0,4.0,0,1,0,25
rush,2,8,4,5,3.0,66.0,49.0,57.0,1,1,0,10
rush,4,18,0,0,45.0,216.0,0.0,0.0,0,1,0,20
rush,1,13,2,4,2.0,78.0,23.0,35.0,1,1,0,10
rush,2,22,1,2,29.0,300.0,0.0,7.0,0,1,0,20
rush,1,8,3,5,1.0,55.0,27.0,60.0,1,1,0,10
rush,3,21,1,4,23.0,199.0,0.0,29.0,0,1,0,35
rush,1,15,3,7,1.0,209.0,73.0,180.0,1,1,0,15
rush,1,25,0,0,21.0,434.0,0.0,0.0,0,1,0,35
rush,3,8,5,6,11.0,131.0,116.0,172.0,1,1,0,10
rush,2,16,0,2,27.0,164.0,0.0,9.0,0,1,0,20
rush,1,4,7,5,1.0,31.0,103.0,50.0,1,1,0,20
rush,3,23,1,2,53.0,397.0,2.0,9.0,0,1,0,25
rush,3,8,2,6,4.0,89.0,28.0,99.0,1,1,0,10
rush,5,18,0,3,59.0,182.0,0.0,5.0,0,1,0,20
rush,1,5,3,6,3.0,16.0,29.0,113.0,1,1,0,10
rush,2,20,4,2,32.0,218.0,4.0,3.0,0,1,0,20
rush,0,12,6,5,0.0,74.0,77.0,56.0,1,1,0,20
rush,5,25,0,0,56.0,466.0,0.0,0.0,0,1,0,25
rush,1,8,1,5,1.0,74.0,4.0,83.0,1,1,0,10
rush,3,18,0,3,43.0,182.0,0.0,5.0,0,1,0,20
rush,0,9,3,6,0.0,50.0,23.0,81.0,1,1,0,10
rush,3,17,1,0,23.0,210.0,0.0,0.0,0,1,0,20
rush,1,12,3,4,1.0,82.0,31.0,35.0,1,1,0,15
rush,3,25,0,0,44.0,340.0,0.0,0.0,0,1,0,25
rush,0,9,5,7,0.0,65.0,64.0,86.0,1,1,0,10
rush,2,19,2,3,7.0,205.0,4.0,4.0,0,1,0,20
rush,1,2,4,7,1.0,4.0,51.0,107.0,1,1,0,20
rush,4,18,0,0,63.0,351.0,0.0,0.0,0,1,0,25
rush,1,7,5,4,1.0,75.0,59.0,68.0,1,1,0,10
rush,3,19,2,2,38.0,163.0,4.0,4.0,0,1,0,20
rush,0,3,4,7,0.0,19.0,69.0,113.0,1,1,0,15
rush,4,18,0,1,54.0,276.0,0.0,1.0,0,1,0,20
rush,1,12,4,4,1.0,109.0,48.0,77.0,1,1,0,10
rush,3,20,1,1,23.0,178.0,2.0,2.0,0,1,0,25
rush,3,5,4,8,4.0,66.0,42.0,118.0,1,1,0,10
rush,4,19,0,3,54.0,194.0,0.0,6.0,0,1,0,20
rush,1,5,3,7,1.0,20.0,29.0,133.0,1,1,0,10
rush,5,17,1,3,63.0,184.0,0.0,7.0,0,1,0,25
rush,4,8,4,6,77.0,75.0,48.0,110.0,1,1,0,10
rush,5,16,3,2,57.0,181.0,6.0,11.0,0,1,0,20
rush,2,14,7,5,4.0,75.0,111.0,48.0,1,1,0,10
rush,2,22,2,2,26.0,342.0,4.0,1.0,0,1,0,20
rush,0,7,2,6,0.0,30.0,45.0,86.0,1,1,0,10
rush,3,18,1,6,20.0,171.0,0.0,38.0,0,1,0,20
rush,2,17,3,10,3.0,210.0,34.0,200.0,1,1,0,20
rush,3,26,0,1,61.0,367.0,0.0,3.0,0,1,0,35
rush,1,7,4,5,2.0,113.0,65.0,68.0,1,1,0,10
rush,0,0,1,1,0.0,0.0,13.0,7.0,0,1,0,10
rush,0,0,1,1,0.0,0.0,0.0,9.0,1,1,1,20
rush,2,0,0,0,14.0,0.0,0.0,0.0,0,1,0,10
rush,1,0,0,0,0.0,0.0,0.0,0.0,0,1,0,10
rush,0,0,1,0,0.0,0.0,0.0,0.0,1,1,0,10
rush,1,0,1,1,2.0,0.0,1.0,2.0,0,1,1,20
rush,1,1,6,4,1.0,2.0,64.0,57.0,1,1,0,10
rush,2,0,1,0,16.0,0.0,1.0,0.0,0,1,0,10
rush,2,0,4,0,4.0,0.0,37.0,0.0,1,1,1,20
rush,4,0,1,1,49.0,0.0,1.0,1.0,0,1,0,10
rush,0,0,5,4,0.0,0.0,52.0,20.0,1,1,1,25
rush,2,2,3,0,31.0,34.0,27.0,0.0,0,1,0,10
rush,0,1,6,1,0.0,2.0,80.0,13.0,1,1,0,10
rush,0,1,0,1,0.0,8.0,0.0,1.0,0,1,0,10
rush,1,0,6,2,1.0,0.0,74.0,17.0,1,1,1,40
rush,3,2,1,2,94.0,68.0,2.0,3.0,0,1,0,10
rush,1,0,4,3,0.0,0.0,43.0,19.0,1,1,1,35
rush,6,1,1,1,122.0,29.0,2.0,2.0,0,1,0,10
rush,3,2,5,2,4.0,1.0,56.0,18.0,1,1,0,10
rush,2,1,8,1,24.0,2.0,43.0,2.0,0,1,0,10
rush,1,0,9,3,5.0,0.0,102.0,14.0,1,1,1,40
rush,11,2,6,2,350.0,55.0,49.0,3.0,0,1,0,15
rush,0,2,4,6,0.0,1.0,68.0,53.0,1,1,0,10
rush,6,4,4,1,73.0,36.0,18.0,2.0,0,1,0,10
rush,1,2,8,4,0.0,11.0,98.0,34.0,1,1,1,20
rush,6,3,5,1,83.0,71.0,65.0,3.0,0,1,0,10
rush,3,1,11,6,16.0,4.0,140.0,66.0,1,1,0,15
rush,6,3,4,1,108.0,34.0,39.0,2.0,0,1,1,20
rush,2,0,13,8,7.0,0.0,267.0,132.0,1,1,0,20
rush,7,3,1,4,116.0,32.0,1.0,10.0,0,1,0,15
rush,1,0,14,7,1.0,0.0,235.0,101.0,1,1,0,20
rush,5,2,7,1,78.0,25.0,78.0,2.0,0,1,0,10
rush,2,0,12,7,1.0,0.0,133.0,74.0,1,1,0,15
rush,5,2,8,1,72.0,14.0,80.0,1.0,0,1,0,15
rush,1,0,13,5,1.0,0.0,206.0,58.0,1,1,0,15
rush,6,3,12,1,76.0,30.0,120.0,3.0,0,1,0,10
rush,6,2,13,2,47.0,24.0,189.0,8.0,1,1,0,15
rush,8,3,5,2,94.0,30.0,54.0,6.0,0,1,0,10
rush,4,0,12,5,7.0,0.0,155.0,50.0,1,1,0,15
rush,8,3,9,1,137.0,36.0,93.0,0.0,0,1,0,20
rush,2,0,14,5,4.0,0.0,258.0,53.0,1,1,0,15
rush,7,2,7,4,106.0,25.0,54.0,10.0,0,1,0,15
rush,4,0,13,6,62.0,0.0,198.0,95.0,1,1,0,15
rush,7,3,6,5,90.0,21.0,36.0,8.0,0,1,0,10
rush,2,0,11,8,4.0,0.0,134.0,108.0,1,1,0,15
rush,5,3,1,3,79.0,19.0,1.0,4.0,0,1,0,15
rush,3,0,10,7,28.0,0.0,149.0,93.0,1,1,0,15
rush,7,3,6,1,92.0,21.0,27.0,1.0,0,1,0,10
rush,1,2,7,5,0.0,3.0,68.0,32.0,1,1,0,10
rush,5,2,6,2,69.0,12.0,29.0,3.0,0,1,0,10
rush,2,0,10,6,15.0,0.0,117.0,44.0,1,1,0,10
rush,6,0,7,2,68.0,0.0,50.0,2.0,0,1,0,10
rush,2,0,12,5,6.0,0.0,131.0,30.0,1,1,0,20
rush,8,3,5,0,145.0,19.0,70.0,0.0,0,1,0,10
rush,2,0,10,3,15.0,0.0,133.0,19.0,1,1,0,10
rush,6,0,9,0,70.0,0.0,49.0,0.0,0,1,0,10
rush,2,1,12,2,5.0,0.0,132.0,12.0,1,1,0,10
rush,5,1,7,1,74.0,1.0,30.0,0.0,0,1,0,10
rush,3,1,12,2,16.0,2.0,151.0,20.0,1,1,0,10
rush,6,1,5,1,65.0,4.0,27.0,1.0,0,1,0,10
rush,2,0,11,4,4.0,0.0,127.0,36.0,1,1,0,10
rush,5,1,8,2,61.0,9.0,31.0,4.0,0,1,0,10
rush,2,0,12,5,9.0,0.0,142.0,43.0,1,1,0,15
rush,5,2,5,0,83.0,15.0,52.0,0.0,0,1,0,15
rush,0,1,12,4,0.0,0.0,186.0,36.0,1,1,0,10
rush,5,2,10,3,62.0,7.0,65.0,5.0,0,1,0,15
rush,4,0,13,7,58.0,0.0,175.0,94.0,1,1,0,20
rush,7,1,13,1,117.0,21.0,161.0,1.0,0,1,0,10
rush,2,1,14,4,3.0,0.0,190.0,31.0,1,1,0,25
rush,8,3,8,1,192.0,32.0,183.0,0.0,0,1,0,15
rush,3,0,8,4,25.0,0.0,115.0,19.0,1,1,0,10
rush,6,1,1,1,75.0,5.0,0.0,2.0,0,1,0,10
rush,1,0,9,4,2.0,0.0,99.0,31.0,1,1,0,10
rush,5,1,4,1,56.0,1.0,23.0,2.0,0,1,0,10
rush,3,1,11,5,26.0,1.0,139.0,45.0,1,1,0,10
rush,5,2,11,1,49.0,12.0,70.0,3.0,0,1,0,15
rush,2,0,17,7,3.0,0.0,237.0,100.0,1,1,0,30
rush,11,5,5,0,309.0,106.0,85.0,0.0,0,1,0,10
rush,6,0,8,3,48.0,0.0,106.0,7.0,1,1,0,10
rush,8,2,9,0,95.0,12.0,61.0,0.0,0,1,0,20
rush,3,0,14,5,7.0,0.0,246.0,55.0,1,1,0,25
rush,10,3,9,1,227.0,49.0,161.0,1.0,0,1,0,10
rush,2,1,11,3,4.0,1.0,126.0,26.0,1,1,0,10
rush,9,1,6,1,115.0,4.0,27.0,1.0,0,1,0,10
rush,0,0,14,4,0.0,0.0,163.0,30.0,1,1,0,25
rush,7,6,4,3,148.0,90.0,8.0,4.0,0,1,0,25
rush,1,2,10,8,1.0,3.0,236.0,147.0,1,1,0,25
rush,9,1,1,2,182.0,4.0,1.0,5.0,0,1,0,10
rush,3,1,8,5,6.0,1.0,96.0,52.0,1,1,0,15
rush,8,2,3,2,130.0,14.0,36.0,5.0,0,1,0,10
rush,3,1,10,8,4.0,0.0,113.0,82.0,1,1,0,15
rush,5,3,6,2,85.0,40.0,48.0,4.0,0,1,0,10
rush,0,0,10,6,0.0,0.0,105.0,72.0,1,1,0,10
rush,5,3,5,2,56.0,23.0,24.0,4.0,0,1,0,15
rush,1,0,12,6,1.0,0.0,179.0,75.0,1,1,0,20
rush,6,3,8,1,79.0,44.0,89.0,1.0,0,1,0,10
rush,0,1,10,5,0.0,3.0,84.0,52.0,1,1,0,10
rush,4,3,6,0,47.0,27.0,28.0,0.0,0,1,0,10
rush,2,0,13,6,4.0,0.0,162.0,71.0,1,1,0,20
rush,0,0,2,0,0.0,0.0,11.0,0.0,0,1,0,10
rush,0,1,1,0,0.0,0.0,20.0,0.0,1,1,0,10
rush,1,3,0,1,0.0,18.0,0.0,1.0,0,1,0,10
rush,1,2,2,0,2.0,4.0,18.0,0.0,1,1,1,20
rush,3,2,1,1,51.0,58.0,2.0,2.0,0,1,0,10
rush,0,0,3,3,0.0,0.0,16.0,16.0,1,1,0,10
rush,1,2,1,1,5.0,6.0,2.0,1.0,0,1,0,10
rush,0,0,4,2,0.0,0.0,30.0,31.0,1,1,1,20
rush,2,2,3,1,14.0,28.0,2.0,1.0,0,1,0,10
rush,2,0,3,4,2.0,0.0,25.0,22.0,1,1,0,10
rush,2,2,4,1,7.0,8.0,35.0,3.0,0,1,0,10
rush,2,0,8,2,4.0,0.0,79.0,17.0,1,1,0,10
rush,1,1,3,0,10.0,5.0,4.0,0.0,0,1,0,10
rush,1,0,10,1,4.0,0.0,114.0,2.0,1,1,0,15
rush,3,3,9,0,19.0,22.0,96.0,0.0,0,1,0,10
rush,2,1,12,1,2.0,3.0,112.0,4.0,1,1,0,20
rush,5,4,3,1,63.0,48.0,5.0,2.0,0,1,0,10
rush,1,2,11,3,1.0,3.0,156.0,21.0,1,1,1,25
rush,7,6,4,0,129.0,110.0,43.0,0.0,0,1,0,10
rush,2,4,13,2,3.0,20.0,147.0,11.0,1,1,0,10
rush,5,6,8,2,52.0,71.0,40.0,4.0,0,1,0,10
rush,3,2,17,3,4.0,4.0,176.0,28.0,1,1,0,25
rush,10,9,11,1,195.0,208.0,155.0,2.0,0,1,0,25
rush,1,0,26,11,1.0,0.0,549.0,193.0,1,1,0,35
rush,15,7,14,1,380.0,135.0,211.0,3.0,0,1,0,25
rush,2,1,31,7,3.0,1.0,566.0,112.0,1,1,0,25
rush,9,10,4,5,185.0,204.0,9.0,25.0,0,1,0,30
rush,0,2,34,15,0.0,6.0,798.0,302.0,1,1,1,35
rush,13,9,17,2,307.0,246.0,234.0,2.0,0,1,0,30
rush,3,2,35,7,8.0,4.0,740.0,183.0,1,1,1,40
rush,10,11,22,4,287.0,303.0,504.0,7.0,0,1,0,30
rush,0,1,35,16,0.0,3.0,786.0,372.0,1,1,0,30
rush,11,8,12,2,260.0,168.0,64.0,6.0,0,1,0,25
rush,3,1,30,13,5.0,1.0,455.0,294.0,1,1,0,40
rush,12,12,20,1,392.0,343.0,483.0,2.0,0,1,0,30
rush,2,1,33,9,5.0,2.0,762.0,218.0,1,1,0,25
rush,12,5,20,1,227.0,91.0,278.0,2.0,0,1,0,25
rush,3,1,38,5,7.0,1.0,672.0,65.0,1,1,0,40
rush,14,12,13,0,446.0,406.0,155.0,0.0,0,1,0,40
rush,1,1,35,11,1.0,2.0,1042.0,243.0,1,1,0,40
rush,12,6,20,1,360.0,102.0,372.0,2.0,0,1,0,25
rush,2,2,34,4,3.0,2.0,677.0,71.0,1,1,0,30
rush,12,10,14,1,326.0,185.0,132.0,1.0,0,1,0,40
rush,2,2,38,12,6.0,4.0,1202.0,293.0,1,1,0,40
rush,10,11,18,1,270.0,293.0,206.0,2.0,0,1,0,35
rush,3,2,34,11,5.0,5.0,860.0,266.0,1,1,0,30
rush,13,5,24,4,327.0,93.0,401.0,17.0,0,1,0,25
rush,2,1,34,12,4.0,5.0,609.0,244.0,1,1,0,30
rush,12,11,15,2,295.0,238.0,75.0,2.0,0,1,0,35
rush,3,2,36,15,8.0,5.0,953.0,401.0,1,1,0,40
rush,14,7,23,2,441.0,146.0,612.0,9.0,0,1,0,30
rush,2,1,33,7,11.0,2.0,676.0,177.0,1,1,0,25
rush,7,6,19,2,146.0,108.0,249.0,3.0,0,1,0,10
rush,2,1,25,5,4.0,1.0,271.0,35.0,1,1,0,30
rush,12,11,21,2,289.0,260.0,315.0,4.0,0,1,0,30
rush,1,1,37,13,1.0,2.0,841.0,294.0,1,1,0,35
rush,10,10,9,2,208.0,272.0,60.0,6.0,0,1,0,30
rush,2,1,36,8,4.0,2.0,815.0,158.0,1,1,0,35
rush,9,11,11,1,203.0,297.0,92.0,1.0,0,1,0,30
rush,1,2,33,14,1.0,2.0,738.0,299.0,1,1,0,30
rush,10,8,21,3,234.0,190.0,356.0,5.0,0,1,0,20
rush,5,0,30,8,23.0,0.0,420.0,112.0,1,1,0,35
rush,14,7,9,3,431.0,160.0,70.0,14.0,0,1,0,25
rush,1,0,32,13,2.0,0.0,649.0,230.0,1,1,0,35
rush,13,9,13,3,332.0,160.0,182.0,7.0,0,1,0,30
rush,1,1,35,12,3.0,1.0,790.0,314.0,1,1,0,40
rush,12,11,22,1,368.0,245.0,313.0,2.0,0,1,0,35
rush,4,2,35,15,17.0,4.0,813.0,452.0,1,1,0,40
rush,14,8,11,1,409.0,201.0,159.0,2.0,0,1,0,30
rush,0,0,0,1,0.0,0.0,0.0,11.0,0,1,0,10
rush,1,0,0,1,0.0,0.0,0.0,8.0,1,1,0,10
rush,0,1,0,0,0.0,9.0,0.0,0.0,0,1,0,10
rush,1,0,0,2,1.0,0.0,0.0,17.0,1,1,0,10
rush,1,0,0,1,15.0,0.0,0.0,2.0,0,1,0,10
rush,0,0,1,3,0.0,0.0,8.0,24.0,1,1,0,10
rush,1,0,0,0,7.0,0.0,0.0,0.0,0,1,0,10
rush,0,0,3,2,0.0,0.0,24.0,7.0,1,1,0,10
rush,2,2,1,3,13.0,13.0,4.0,5.0,0,1,0,10
rush,0,0,1,4,0.0,0.0,5.0,43.0,1,1,0,10
rush,2,0,1,2,11.0,0.0,1.0,4.0,0,1,0,10
rush,0,0,1,7,0.0,0.0,9.0,74.0,1,1,0,15
rush,3,3,0,2,19.0,19.0,0.0,4.0,0,1,0,10
rush,3,0,1,7,11.0,0.0,6.0,88.0,1,1,0,15
rush,7,1,2,4,95.0,5.0,2.0,13.0,0,1,0,15
rush,5,0,3,10,54.0,0.0,43.0,108.0,1,1,0,10
rush,8,1,1,3,94.0,5.0,3.0,6.0,0,1,0,10
rush,2,2,2,11,4.0,3.0,11.0,147.0,1,1,1,30
rush,12,9,1,2,351.0,169.0,1.0,2.0,0,1,0,25
rush,1,1,1,11,1.0,2.0,31.0,214.0,1,1,0,10
rush,10,3,1,5,127.0,15.0,0.0,7.0,0,1,0,10
rush,4,3,2,14,12.0,28.0,14.0,174.0,1,1,0,20
rush,13,8,1,4,234.0,112.0,3.0,7.0,0,1,0,20
rush,8,2,7,19,89.0,5.0,98.0,348.0,1,1,0,30
rush,20,9,3,1,506.0,223.0,57.0,1.0,0,1,0,30
rush,5,1,9,21,14.0,0.0,201.0,521.0,1,1,0,45
rush,20,12,0,3,807.0,303.0,0.0,7.0,0,1,0,40
rush,10,2,3,24,329.0,2.0,17.0,776.0,1,1,0,35
rush,19,4,0,6,524.0,35.0,0.0,16.0,0,1,0,30
rush,11,1,8,25,247.0,2.0,189.0,590.0,1,1,0,45
rush,22,11,1,6,829.0,263.0,2.0,11.0,0,1,0,30
rush,8,2,2,30,170.0,6.0,11.0,724.0,1,1,0,30
rush,20,8,2,2,541.0,170.0,3.0,2.0,0,1,0,35
rush,9,1,13,31,265.0,2.0,348.0,888.0,1,1,0,45
rush,21,9,0,3,781.0,178.0,0.0,6.0,0,1,0,35
rush,9,2,2,29,211.0,2.0,6.0,903.0,1,1,0,45
rush,22,11,1,1,820.0,290.0,3.0,1.0,0,1,0,35
rush,8,1,9,27,53.0,3.0,186.0,777.0,1,1,0,45
rush,18,14,1,3,625.0,424.0,8.0,6.0,0,1,0,35
rush,10,0,4,28,270.0,0.0,18.0,811.0,1,1,0,45
rush,21,9,1,2,778.0,232.0,1.0,2.0,0,1,0,35
rush,7,1,6,28,32.0,1.0,104.0,823.0,1,1,0,35
rush,19,8,2,0,543.0,188.0,13.0,0.0,0,1,0,25
rush,8,0,5,30,124.0,0.0,126.0,594.0,1,1,0,45
rush,22,13,0,0,923.0,356.0,0.0,0.0,0,1,0,40
rush,2,2,8,27,3.0,2.0,193.0,893.0,1,1,0,45
rush,15,8,0,1,540.0,181.0,0.0,2.0,0,1,0,25
rush,7,3,0,26,84.0,4.0,0.0,566.0,1,1,0,40
rush,21,13,1,1,660.0,353.0,3.0,2.0,0,1,0,35
rush,9,3,10,31,189.0,5.0,226.0,880.0,1,1,0,40
rush,20,13,2,1,655.0,407.0,39.0,1.0,0,1,0,30
rush,11,1,9,25,279.0,1.0,226.0,657.0,1,1,0,50
rush,21,14,1,1,912.0,417.0,3.0,2.0,0,1,0,45
rush,8,1,6,27,154.0,1.0,102.0,969.0,1,1,0,35
rush,16,8,1,14,509.0,191.0,3.0,99.0,0,1,0,25
rush,11,1,3,33,105.0,1.0,40.0,642.0,1,1,0,40
rush,22,11,1,4,731.0,267.0,19.0,6.0,0,1,0,30
rush,10,1,7,30,188.0,1.0,113.0,739.0,1,1,0,40
rush,21,10,1,13,738.0,210.0,2.0,92.0,0,1,0,30
rush,10,2,3,34,239.0,22.0,50.0,820.0,1,1,0,25
rush,19,7,0,19,412.0,107.0,0.0,214.0,0,1,0,35
rush,12,2,10,38,294.0,5.0,225.0,1091.0,1,1,0,35
rush,20,9,1,4,588.0,214.0,15.0,9.0,0,1,0,30
rush,8,0,8,31,177.0,0.0,178.0,836.0,1,1,0,45
rush,0,0,2,2,0.0,0.0,15.0,18.0,0,1,0,10
rush,0,0,1,1,0.0,0.0,0.0,8.0,1,1,0,10
rush,1,0,0,1,0.0,0.0,0.0,4.0,0,1,0,10
rush,2,0,1,1,6.0,0.0,15.0,19.0,1,1,1,20
rush,8,2,1,0,122.0,14.0,1.0,0.0,0,1,0,20
rush,4,1,1,1,6.0,2.0,0.0,13.0,1,1,1,20
rush,12,1,1,0,199.0,7.0,3.0,0.0,0,1,0,25
rush,2,1,1,2,4.0,2.0,31.0,27.0,1,1,1,20
rush,14,1,1,0,255.0,8.0,2.0,0.0,0,1,0,20
rush,8,0,4,1,97.0,0.0,50.0,21.0,1,1,0,10
rush,16,2,1,0,173.0,18.0,3.0,0.0,0,1,0,20
rush,2,2,4,3,3.0,8.0,73.0,29.0,1,1,0,10
rush,14,4,0,1,179.0,35.0,0.0,11.0,0,1,0,20
rush,9,3,6,5,91.0,25.0,97.0,88.0,1,1,0,20
rush,20,4,2,1,396.0,89.0,7.0,20.0,0,1,0,40
rush,6,0,11,5,39.0,0.0,243.0,152.0,1,1,0,10
rush,19,0,3,3,219.0,0.0,6.0,30.0,0,1,0,25
rush,3,0,11,6,5.0,0.0,252.0,130.0,1,1,0,20
rush,22,4,4,2,421.0,52.0,10.0,9.0,0,1,0,45
rush,1,0,18,9,1.0,0.0,646.0,342.0,1,1,0,40
rush,22,5,0,3,716.0,73.0,0.0,20.0,0,1,0,45
rush,1,1,15,9,2.0,2.0,456.0,256.0,1,1,0,30
rush,21,6,2,4,562.0,157.0,4.0,77.0,0,1,1,50
rush,2,1,20,10,2.0,2.0,700.0,389.0,1,1,0,30
rush,18,6,4,3,484.0,122.0,12.0,18.0,0,1,0,30
rush,3,2,15,8,5.0,9.0,392.0,222.0,1,1,0,25
rush,24,6,1,5,520.0,156.0,2.0,80.0,0,1,0,40
rush,2,2,16,10,2.0,5.0,549.0,265.0,1,1,0,30
rush,29,7,0,6,737.0,198.0,0.0,22.0,0,1,0,40
rush,9,3,13,10,119.0,63.0,346.0,254.0,1,1,0,25
rush,34,3,2,4,683.0,61.0,3.0,56.0,0,1,0,50
rush,2,2,19,9,2.0,12.0,748.0,385.0,1,1,0,35
rush,34,7,1,7,966.0,151.0,1.0,190.0,0,1,0,45
rush,5,3,16,10,27.0,48.0,510.0,350.0,1,1,0,35
rush,38,7,1,0,1029.0,175.0,1.0,0.0,0,1,0,45
rush,12,1,17,9,202.0,1.0,564.0,297.0,1,1,0,35
rush,41,5,1,5,1062.0,101.0,1.0,122.0,0,1,0,40
rush,10,2,13,10,61.0,3.0,370.0,282.0,1,1,0,35
rush,41,6,1,3,1057.0,145.0,2.0,56.0,0,1,0,50
rush,4,4,18,10,8.0,36.0,661.0,350.0,1,1,0,35
rush,35,8,3,5,915.0,208.0,6.0,150.0,0,1,0,40
rush,4,0,16,10,10.0,0.0,481.0,287.0,1,1,0,35
rush,38,4,3,6,1086.0,59.0,7.0,177.0,0,1,0,50
rush,2,5,17,10,4.0,92.0,623.0,378.0,1,1,0,35
rush,37,7,1,7,1002.0,164.0,2.0,225.0,0,1,0,45
rush,1,3,14,10,1.0,42.0,363.0,332.0,1,1,0,30
rush,36,4,2,0,835.0,72.0,2.0,0.0,0,1,0,45
rush,4,6,19,8,5.0,136.0,646.0,259.0,1,1,0,45
rush,37,10,1,2,1369.0,288.0,3.0,4.0,0,1,0,45
rush,5,0,11,9,22.0,0.0,336.0,308.0,1,1,0,25
rush,32,0,3,4,690.0,0.0,4.0,37.0,0,1,0,50
rush,3,2,20,11,4.0,19.0,724.0,327.0,1,1,0,35
rush,34,10,2,4,972.0,255.0,3.0,37.0,0,1,0,50
rush,3,0,17,9,14.0,0.0,612.0,244.0,1,1,0,30
rush,33,2,1,4,803.0,1.0,3.0,52.0,0,1,0,50
rush,0,6,18,11,0.0,81.0,651.0,419.0,1,1,0,30
rush,30,7,1,4,764.0,161.0,2.0,95.0,0,1,0,50
rush,0,0,1,0,0.0,0.0,8.0,0.0,0,1,0,10
rush,1,0,1,1,0.0,0.0,2.0,0.0,1,1,0,10
rush,2,0,0,0,7.0,0.0,0.0,0.0,0,1,0,10
rush,0,1,1,1,0.0,2.0,5.0,7.0,1,1,1,20
rush,0,4,1,1,0.0,77.0,0.0,3.0,0,1,0,10
rush,1,2,2,2,0.0,5.0,7.0,20.0,1,1,0,10
rush,1,2,3,0,5.0,13.0,18.0,0.0,0,1,0,10
rush,0,1,5,0,0.0,2.0,53.0,0.0,1,1,0,10
rush,2,6,1,1,2.0,74.0,1.0,3.0,0,1,0,10
rush,0,4,2,1,0.0,17.0,5.0,5.0,1,1,0,10
rush,2,9,1,0,8.0,114.0,2.0,0.0,0,1,0,10
rush,2,4,4,1,1.0,9.0,31.0,3.0,1,1,0,10
rush,2,7,3,2,13.0,85.0,4.0,7.0,0,1,1,30
rush,1,2,8,5,1.0,4.0,186.0,80.0,1,1,0,20
rush,2,6,0,5,36.0,111.0,0.0,50.0,0,1,0,10
rush,1,2,4,6,1.0,3.0,37.0,57.0,1,1,1,25
rush,10,13,2,3,200.0,287.0,2.0,7.0,0,1,0,30
rush,1,4,9,8,2.0,12.0,188.0,181.0,1,1,0,20
rush,4,14,1,2,80.0,277.0,13.0,3.0,0,1,1,45
rush,1,3,15,12,1.0,5.0,564.0,489.0,1,1,0,30
rush,5,15,3,5,86.0,398.0,5.0,82.0,0,1,1,25
rush,2,8,14,13,4.0,19.0,267.0,277.0,1,1,0,30
rush,12,19,9,2,285.0,491.0,229.0,3.0,0,1,0,35
rush,1,6,19,17,1.0,16.0,522.0,501.0,1,1,0,30
rush,3,24,7,6,16.0,621.0,103.0,32.0,0,1,0,35
rush,2,5,18,19,1.0,19.0,535.0,544.0,1,1,1,35
rush,8,32,2,2,160.0,969.0,3.0,4.0,0,1,0,35
rush,4,1,16,17,15.0,1.0,480.0,486.0,1,1,1,30
rush,8,23,7,3,190.0,623.0,61.0,6.0,0,1,0,50
rush,0,3,20,17,0.0,6.0,681.0,775.0,1,1,0,35
rush,3,25,5,5,17.0,769.0,15.0,30.0,0,1,0,50
rush,1,4,19,18,7.0,8.0,687.0,665.0,1,1,0,35
rush,8,19,8,7,185.0,607.0,136.0,201.0,0,1,0,35
rush,0,8,16,16,0.0,47.0,443.0,462.0,1,1,0,30
rush,5,20,8,10,80.0,470.0,175.0,178.0,0,1,0,30
rush,1,2,18,19,2.0,2.0,437.0,488.0,1,1,0,35
rush,7,24,7,4,123.0,658.0,176.0,10.0,0,1,0,45
rush,1,3,20,17,3.0,5.0,686.0,573.0,1,1,0,35
rush,3,28,7,4,32.0,835.0,98.0,62.0,0,1,0,50
rush,2,2,20,19,4.0,4.0,767.0,748.0,1,1,0,35
rush,8,19,2,1,192.0,582.0,4.0,1.0,0,1,0,40
rush,1,5,17,16,3.0,24.0,568.0,499.0,1,1,0,40
rush,4,24,3,3,51.0,827.0,9.0,8.0,0,1,0,50
rush,1,1,17,16,1.0,1.0,633.0,567.0,1,1,0,40
rush,9,23,3,8,233.0,745.0,8.0,254.0,0,1,0,45
rush,2,3,17,17,4.0,3.0,504.0,515.0,1,1,0,30
rush,7,20,10,8,128.0,539.0,178.0,83.0,0,1,0,40
rush,2,6,20,20,4.0,19.0,633.0,656.0,1,1,0,35
rush,7,23,1,9,143.0,662.0,1.0,201.0,0,1,0,50
rush,1,4,18,19,7.0,6.0,627.0,709.0,1,1,0,35
rush,4,21,10,1,58.0,663.0,264.0,1.0,0,1,0,40
rush,1,6,19,14,1.0,13.0,577.0,410.0,1,1,0,40
rush,8,30,4,4,175.0,975.0,22.0,8.0,0,1,0,35
rush,3,4,12,14,23.0,8.0,352.0,433.0,1,1,0,30
rush,10,24,1,11,271.0,627.0,3.0,180.0,0,1,0,40
rush,1,2,18,20,2.0,3.0,572.0,640.0,1,1,0,40
rush,7,24,2,2,147.0,783.0,3.0,2.0,0,1,0,40
rush,1,5,18,11,2.0,16.0,561.0,340.0,1,1,0,40
rush,5,29,9,1,95.0,945.0,297.0,2.0,0,1,0,50
rush,0,0,1,0,0.0,0.0,15.0,0.0,0,1,0,10
rush,0,0,1,1,0.0,0.0,0.0,0.0,1,1,0,10
rush,2,0,0,0,8.0,0.0,0.0,0.0,0,1,0,10
rush,0,1,3,1,0.0,1.0,23.0,10.0,1,1,1,20
rush,1,1,1,1,18.0,14.0,2.0,0.0,0,1,0,10
rush,0,1,1,1,0.0,0.0,0.0,3.0,1,1,0,10
rush,2,1,1,1,10.0,2.0,2.0,1.0,0,1,0,10
rush,1,1,3,3,0.0,3.0,21.0,22.0,1,1,1,20
rush,4,3,2,1,66.0,56.0,4.0,0.0,0,1,0,15
rush,0,2,7,3,0.0,4.0,101.0,15.0,1,1,1,20
rush,2,6,7,0,31.0,90.0,112.0,0.0,0,1,0,15
rush,2,2,10,3,3.0,6.0,110.0,12.0,1,1,0,10
rush,3,3,7,1,31.0,43.0,37.0,3.0,0,1,0,10
rush,3,0,13,3,4.0,0.0,137.0,20.0,1,1,0,10
rush,4,3,7,2,50.0,30.0,23.0,5.0,0,1,0,15
rush,2,1,15,8,4.0,1.0,161.0,89.0,1,1,0,25
rush,8,7,13,0,169.0,112.0,183.0,0.0,0,1,0,10
rush,3,2,12,1,4.0,8.0,73.0,8.0,1,1,1,20
rush,8,7,4,2,147.0,122.0,12.0,2.0,0,1,1,30
rush,3,4,20,10,7.0,7.0,437.0,198.0,1,1,0,30
rush,9,8,2,6,225.0,183.0,4.0,112.0,0,1,0,25
rush,2,1,18,15,2.0,2.0,426.0,306.0,1,1,0,30
rush,11,12,5,7,246.0,292.0,46.0,27.0,0,1,0,35
rush,1,2,24,16,3.0,3.0,690.0,382.0,1,1,1,30
rush,13,10,8,2,351.0,261.0,38.0,5.0,0,1,0,25
rush,3,2,24,16,5.0,23.0,512.0,371.0,1,1,1,30
rush,9,12,13,12,235.0,280.0,120.0,187.0,0,1,0,30
rush,1,3,26,22,2.0,5.0,637.0,551.0,1,1,1,35
rush,10,13,18,5,246.0,348.0,392.0,16.0,0,1,1,45
rush,1,1,29,21,1.0,2.0,1031.0,730.0,1,1,0,40
rush,8,10,13,2,200.0,303.0,124.0,4.0,0,1,0,15
rush,5,8,16,14,12.0,88.0,232.0,239.0,1,1,0,40
rush,15,14,3,7,515.0,521.0,4.0,45.0,0,1,0,35
rush,2,5,21,19,4.0,109.0,593.0,563.0,1,1,0,35
rush,11,12,7,2,313.0,347.0,128.0,2.0,0,1,0,40
rush,2,8,27,20,3.0,212.0,894.0,659.0,1,1,0,35
rush,9,10,9,3,274.0,246.0,48.0,7.0,0,1,0,15
rush,6,5,18,17,14.0,43.0,228.0,252.0,1,1,0,40
rush,15,13,7,2,522.0,525.0,70.0,24.0,0,1,0,40
rush,0,5,24,24,0.0,25.0,813.0,789.0,1,1,0,40
rush,8,11,5,8,194.0,286.0,18.0,86.0,0,1,0,20
rush,5,5,19,18,14.0,57.0,339.0,352.0,1,1,0,35
rush,16,13,10,2,424.0,356.0,71.0,4.0,0,1,0,40
rush,3,0,25,21,8.0,0.0,774.0,719.0,1,1,0,45
rush,12,11,3,6,376.0,331.0,6.0,78.0,0,1,0,35
rush,2,1,18,22,3.0,2.0,575.0,692.0,1,1,0,30
rush,8,11,15,1,204.0,273.0,253.0,2.0,0,1,0,15
rush,2,3,20,15,1.0,11.0,234.0,233.0,1,1,0,30
rush,14,12,5,2,354.0,356.0,17.0,3.0,0,1,0,50
rush,3,2,26,23,7.0,3.0,1092.0,911.0,1,1,0,40
rush,9,7,5,7,245.0,185.0,49.0,102.0,0,1,0,10
rush,4,1,15,17,12.0,1.0,160.0,184.0,1,1,0,30
rush,15,11,8,7,402.0,265.0,60.0,43.0,0,1,0,45
rush,0,3,28,24,0.0,6.0,1112.0,858.0,1,1,0,45
rush,7,11,10,3,142.0,337.0,142.0,7.0,0,1,0,25
rush,2,2,20,13,3.0,4.0,392.0,346.0,1,1,0,30
rush,11,12,8,2,237.0,297.0,40.0,1.0,0,1,0,25
rush,0,3,24,13,0.0,25.0,433.0,294.0,1,1,0,30
rush,13,13,6,8,306.0,323.0,20.0,107.0,0,1,0,45
rush,1,1,28,23,2.0,1.0,1076.0,839.0,1,1,0,40
rush,9,8,16,2,245.0,221.0,410.0,4.0,0,1,0,15
rush,8,3,20,7,95.0,25.0,277.0,138.0,1,1,0,30
rush,16,13,11,3,367.0,369.0,136.0,19.0,0,1,0,35
rush,6,8,27,13,18.0,219.0,859.0,329.0,1,1,0,40
rush,14,15,10,1,442.0,444.0,173.0,3.0,0,1,0,40
heavy,0,0,0,1,0.0,0.0,0.0,2.0,0,0,0,10
heavy,5,0,0,0,78.0,0.0,0.0,0.0,0,0,0,10
heavy,0,0,1,1,0.0,0.0,0.0,0.0,1,0,0,10
heavy,1,0,2,1,2.0,0.0,5.0,2.0,0,0,0,10
heavy,0,0,3,1,0.0,0.0,28.0,10.0,1,0,0,10
heavy,1,0,2,1,9.0,0.0,3.0,2.0,0,0,0,10
heavy,0,0,3,1,0.0,0.0,14.0,4.0,1,0,0,10
heavy,2,0,1,0,12.0,0.0,1.0,0.0,0,0,1,20
heavy,1,1,5,0,1.0,1.0,73.0,0.0,1,0,0,10
heavy,3,1,3,0,21.0,0.0,6.0,0.0,0,0,0,10
heavy,2,1,5,1,6.0,2.0,54.0,10.0,1,0,0,10
heavy,4,1,2,0,43.0,3.0,3.0,0.0,0,0,0,10
heavy,2,0,4,0,4.0,0.0,49.0,0.0,1,0,0,10
heavy,3,1,2,0,34.0,1.0,5.0,0.0,0,0,0,10
heavy,2,0,5,3,11.0,0.0,48.0,26.0,1,0,1,20
heavy,9,1,2,2,166.0,11.0,3.0,25.0,0,0,1,25
heavy,0,1,9,3,0.0,1.0,143.0,48.0,1,0,0,10
heavy,4,2,2,4,30.0,22.0,4.0,44.0,0,0,0,10
heavy,1,1,9,6,1.0,3.0,120.0,56.0,1,0,0,10
heavy,2,2,4,6,15.0,11.0,5.0,52.0,0,0,0,10
heavy,2,1,10,8,4.0,7.0,135.0,84.0,1,0,1,30
heavy,9,3,2,3,185.0,81.0,4.0,65.0,0,0,0,10
heavy,3,0,10,4,5.0,0.0,129.0,51.0,1,0,0,10
heavy,9,1,2,1,122.0,5.0,4.0,1.0,0,0,1,20
heavy,1,0,11,8,2.0,0.0,194.0,129.0,1,0,0,25
heavy,9,5,3,4,181.0,65.0,5.0,26.0,0,0,0,10
heavy,4,1,9,6,5.0,1.0,125.0,63.0,1,0,0,10
heavy,7,0,3,4,90.0,0.0,5.0,6.0,0,0,0,10
heavy,2,2,10,6,4.0,7.0,146.0,72.0,1,0,0,10
heavy,8,1,3,7,101.0,5.0,3.0,46.0,0,0,0,10
heavy,1,2,10,8,2.0,14.0,132.0,89.0,1,0,0,25
heavy,10,2,2,4,213.0,33.0,2.0,94.0,0,0,0,10
heavy,3,2,6,8,5.0,25.0,78.0,100.0,1,0,0,10
heavy,7,2,4,3,92.0,19.0,8.0,7.0,0,0,0,10
heavy,4,1,8,5,10.0,1.0,112.0,57.0,1,0,0,10
heavy,8,0,3,2,111.0,0.0,4.0,7.0,0,0,1,20
heavy,0,1,10,10,0.0,1.0,180.0,182.0,1,0,0,25
heavy,6,6,4,2,81.0,114.0,13.0,2.0,0,0,0,10
heavy,3,3,9,6,8.0,21.0,94.0,81.0,1,0,0,15
heavy,5,4,4,4,47.0,83.0,13.0,46.0,0,0,0,15
heavy,1,0,12,9,1.0,0.0,190.0,130.0,1,0,0,25
heavy,8,2,3,1,155.0,31.0,5.0,7.0,0,0,0,10
heavy,3,0,11,6,6.0,0.0,133.0,66.0,1,0,0,20
heavy,10,3,2,3,199.0,15.0,3.0,59.0,0,0,0,10
heavy,2,2,6,7,4.0,22.0,66.0,69.0,1,0,0,15
heavy,9,3,3,5,142.0,32.0,6.0,48.0,0,0,0,10
heavy,3,1,7,9,5.0,1.0,97.0,109.0,1,0,0,10
heavy,8,1,4,8,106.0,4.0,4.0,61.0,0,0,0,10
heavy,4,1,9,9,5.0,6.0,115.0,86.0,1,0,0,20
heavy,10,3,2,7,192.0,29.0,3.0,124.0,0,0,0,10
heavy,3,2,6,8,4.0,24.0,73.0,92.0,1,0,0,10
heavy,6,3,3,7,72.0,21.0,5.0,45.0,0,0,0,10
heavy,2,2,7,11,3.0,24.0,94.0,128.0,1,0,0,20
heavy,9,4,1,2,154.0,51.0,1.0,13.0,0,0,0,10
heavy,2,0,5,6,3.0,0.0,38.0,87.0,1,0,0,10
heavy,8,0,2,1,105.0,0.0,3.0,4.0,0,0,0,10
heavy,4,0,5,6,4.0,0.0,63.0,59.0,1,0,0,20
heavy,11,3,1,2,198.0,16.0,2.0,2.0,0,0,0,10
heavy,3,1,4,4,6.0,7.0,29.0,47.0,1,0,0,10
heavy,6,2,2,3,92.0,19.0,2.0,9.0,0,0,0,10
heavy,3,2,6,5,6.0,4.0,57.0,42.0,1,0,0,10
heavy,6,3,2,1,87.0,26.0,2.0,2.0,0,0,0,10
heavy,3,2,6,7,6.0,20.0,68.0,74.0,1,0,0,10
heavy,9,2,1,8,118.0,19.0,2.0,52.0,0,0,0,10
heavy,2,3,6,8,2.0,35.0,74.0,91.0,1,0,0,25
heavy,13,5,1,4,164.0,67.0,2.0,105.0,0,0,0,25
heavy,4,0,14,7,31.0,0.0,292.0,78.0,1,0,0,30
heavy,11,0,2,6,281.0,0.0,3.0,154.0,0,0,0,10
heavy,3,0,10,6,5.0,0.0,126.0,84.0,1,0,0,10
heavy,10,1,3,2,146.0,6.0,3.0,11.0,0,0,0,10
heavy,2,0,9,8,4.0,0.0,110.0,87.0,1,0,0,20
heavy,12,1,1,5,226.0,10.0,1.0,101.0,0,0,0,10
heavy,3,2,9,7,2.0,13.0,86.0,69.0,1,0,0,10
heavy,8,1,2,3,98.0,4.0,3.0,10.0,0,0,0,20
heavy,3,1,13,12,3.0,2.0,251.0,233.0,1,0,0,30
heavy,9,3,1,3,185.0,44.0,1.0,35.0,0,0,0,10
heavy,3,0,8,6,3.0,0.0,74.0,84.0,1,0,0,10
heavy,7,1,3,1,103.0,6.0,6.0,3.0,0,0,0,10
heavy,5,1,9,6,8.0,0.0,105.0,64.0,1,0,0,10
heavy,8,1,2,2,105.0,6.0,3.0,2.0,0,0,0,20
heavy,2,0,12,9,4.0,0.0,200.0,162.0,1,0,0,25
heavy,11,1,1,2,227.0,3.0,1.0,2.0,0,0,0,10
heavy,4,0,5,6,13.0,0.0,61.0,84.0,1,0,0,15
heavy,9,1,3,2,145.0,5.0,6.0,16.0,0,0,0,10
heavy,3,1,6,8,3.0,4.0,76.0,95.0,1,0,0,20
heavy,10,2,2,1,193.0,25.0,10.0,1.0,0,0,0,10
heavy,3,1,9,3,2.0,0.0,110.0,34.0,1,0,0,10
heavy,9,0,3,0,115.0,0.0,5.0,0.0,0,0,0,20
heavy,3,1,15,4,7.0,2.0,278.0,60.0,1,0,0,20
heavy,7,3,3,2,132.0,61.0,6.0,3.0,0,0,0,10
heavy,2,1,12,6,3.0,2.0,147.0,66.0,1,0,0,20
heavy,7,1,3,5,106.0,18.0,4.0,62.0,0,0,0,10
heavy,2,0,12,8,5.0,0.0,160.0,92.0,1,0,0,20
heavy,9,4,1,1,155.0,38.0,1.0,11.0,0,0,0,10
heavy,4,0,8,6,5.0,0.0,93.0,78.0,1,0,0,20
heavy,9,2,1,4,154.0,44.0,2.0,19.0,0,0,0,10
heavy,4,2,8,5,6.0,26.0,95.0,53.0,1,0,0,10
heavy,7,3,3,3,105.0,19.0,5.0,4.0,0,0,0,10
heavy,2,1,11,7,3.0,2.0,134.0,89.0,1,0,0,20
heavy,10,0,2,5,187.0,0.0,4.0,74.0,0,0,0,10
heavy,2,2,7,8,3.0,14.0,86.0,95.0,1,0,0,10
heavy,7,2,4,6,86.0,8.0,6.0,48.0,0,0,0,15
heavy,0,1,0,0,0.0,21.0,0.0,0.0,0,0,1,20
heavy,0,1,0,0,0.0,2.0,0.0,0.0,1,0,0,10
heavy,2,2,2,0,8.0,18.0,9.0,0.0,0,0,0,10
heavy,1,2,5,0,2.0,20.0,46.0,0.0,1,0,0,10
heavy,3,2,2,1,17.0,29.0,4.0,2.0,0,0,0,10
heavy,2,0,4,1,19.0,0.0,45.0,6.0,1,0,0,10
heavy,4,2,4,3,41.0,18.0,7.0,17.0,0,0,1,20
heavy,1,0,7,2,1.0,0.0,109.0,56.0,1,0,0,10
heavy,1,3,1,0,18.0,33.0,2.0,0.0,0,0,0,10
heavy,1,2,8,0,2.0,6.0,109.0,0.0,1,0,0,10
heavy,2,4,3,0,12.0,52.0,6.0,0.0,0,0,0,10
heavy,2,2,10,1,4.0,8.0,129.0,6.0,1,0,0,10
heavy,4,4,4,1,46.0,53.0,29.0,3.0,0,0,0,15
heavy,0,4,12,3,0.0,62.0,191.0,28.0,1,0,0,10
heavy,3,4,3,1,16.0,42.0,6.0,3.0,0,0,0,10
heavy,1,5,13,4,1.0,42.0,177.0,40.0,1,0,1,20
heavy,5,8,1,0,87.0,142.0,4.0,0.0,0,0,0,20
heavy,0,1,18,6,0.0,4.0,343.0,95.0,1,0,0,20
heavy,7,4,6,3,101.0,70.0,35.0,4.0,0,0,0,15
heavy,1,1,15,10,1.0,1.0,255.0,163.0,1,0,1,20
heavy,7,8,11,1,116.0,155.0,130.0,1.0,0,0,0,15
heavy,3,3,19,7,4.0,42.0,306.0,89.0,1,0,0,30
heavy,8,7,5,1,163.0,204.0,80.0,2.0,0,0,1,25
heavy,2,6,18,9,2.0,99.0,421.0,192.0,1,0,0,30
heavy,11,8,10,2,255.0,265.0,154.0,4.0,0,0,0,15
heavy,4,0,14,10,9.0,0.0,320.0,181.0,1,0,0,20
heavy,9,8,15,0,139.0,175.0,191.0,0.0,0,0,0,15
heavy,1,2,18,7,3.0,14.0,245.0,96.0,1,0,0,30
heavy,9,7,6,1,192.0,216.0,34.0,1.0,0,0,0,15
heavy,0,2,12,6,0.0,2.0,213.0,99.0,1,0,0,15
heavy,4,6,8,0,50.0,100.0,60.0,0.0,0,0,0,15
heavy,1,1,19,8,2.0,1.0,277.0,111.0,1,0,0,30
heavy,8,6,14,1,162.0,142.0,318.0,1.0,0,0,0,15
heavy,5,5,16,9,65.0,65.0,452.0,110.0,1,0,0,30
heavy,12,8,3,2,283.0,223.0,37.0,4.0,0,0,0,20
heavy,2,1,15,6,3.0,1.0,331.0,152.0,1,0,0,20
heavy,6,5,3,0,131.0,127.0,5.0,0.0,0,0,0,10
heavy,3,3,17,7,5.0,18.0,207.0,85.0,1,0,0,20
heavy,7,8,7,0,108.0,172.0,54.0,0.0,0,0,0,15
heavy,1,2,16,7,0.0,28.0,270.0,101.0,1,0,0,20
heavy,7,6,4,1,103.0,113.0,27.0,1.0,0,0,0,10
heavy,1,1,17,7,1.0,1.0,200.0,80.0,1,0,0,35
heavy,8,7,6,2,166.0,204.0,74.0,2.0,0,0,0,15
heavy,1,2,13,3,1.0,2.0,235.0,63.0,1,0,0,10
heavy,5,6,6,2,52.0,65.0,30.0,1.0,0,0,0,15
heavy,1,4,19,7,2.0,63.0,227.0,88.0,1,0,0,30
heavy,11,7,12,1,297.0,195.0,246.0,1.0,0,0,0,15
heavy,1,4,17,7,1.0,64.0,268.0,119.0,1,0,0,20
heavy,8,6,9,1,132.0,115.0,43.0,2.0,0,0,0,10
heavy,0,2,18,9,0.0,3.0,307.0,114.0,1,0,0,30
heavy,7,9,9,1,117.0,273.0,77.0,9.0,0,0,0,15
heavy,0,2,18,6,0.0,5.0,279.0,115.0,1,0,0,20
heavy,5,8,12,0,49.0,171.0,82.0,0.0,0,0,0,15
heavy,1,5,18,8,1.0,60.0,254.0,116.0,1,0,0,30
heavy,9,6,9,1,173.0,166.0,86.0,1.0,0,0,0,15
heavy,1,3,15,8,1.0,16.0,237.0,130.0,1,0,0,20
heavy,6,8,11,1,85.0,156.0,164.0,0.0,0,0,0,15
heavy,2,2,17,6,4.0,14.0,251.0,73.0,1,0,0,20
heavy,7,5,8,2,107.0,110.0,42.0,4.0,0,0,0,15
heavy,1,0,16,8,0.0,0.0,289.0,112.0,1,0,0,25
heavy,8,7,1,2,144.0,150.0,1.0,9.0,0,0,0,10
heavy,1,4,12,8,1.0,32.0,135.0,88.0,1,0,0,20
heavy,7,6,10,0,99.0,94.0,143.0,0.0,0,0,0,10
heavy,3,2,16,8,9.0,8.0,276.0,101.0,1,0,0,20
heavy,8,9,12,1,81.0,158.0,107.0,1.0,0,0,0,15
heavy,6,4,14,10,76.0,62.0,257.0,160.0,1,0,0,25
heavy,11,8,6,1,207.0,174.0,31.0,2.0,0,0,0,15
heavy,0,4,14,10,0.0,46.0,301.0,185.0,1,0,0,20
heavy,9,9,12,2,155.0,214.0,445.0,7.0,0,0,0,15
heavy,8,7,19,11,43.0,105.0,727.0,169.0,1,0,0,30
heavy,14,9,14,2,467.0,265.0,307.0,21.0,0,0,0,25
heavy,7,7,18,11,532.0,131.0,600.0,272.0,1,0,0,30
heavy,11,8,8,1,921.0,225.0,87.0,1.0,0,0,0,15
heavy,0,1,17,6,0.0,1.0,316.0,118.0,1,0,0,20
heavy,8,6,11,1,141.0,141.0,116.0,1.0,0,0,0,20
heavy,0,2,19,8,0.0,11.0,381.0,145.0,1,0,0,30
heavy,7,7,5,3,115.0,181.0,54.0,9.0,0,0,0,15
heavy,1,2,14,8,2.0,15.0,225.0,123.0,1,0,0,20
heavy,7,8,5,2,113.0,144.0,15.0,4.0,0,0,0,15
heavy,1,3,17,9,2.0,4.0,304.0,159.0,1,0,0,30
heavy,10,6,13,1,201.0,164.0,214.0,1.0,0,0,0,15
heavy,2,2,18,7,1.0,17.0,269.0,119.0,1,0,0,30
heavy,9,8,12,2,222.0,212.0,243.0,4.0,0,0,0,20
heavy,2,6,19,6,19.0,85.0,337.0,141.0,1,0,0,30
heavy,0,0,0,1,0.0,0.0,0.0,2.0,0,0,0,10
heavy,0,1,0,0,0.0,0.0,0.0,0.0,1,0,0,10
heavy,1,0,0,0,4.0,0.0,0.0,0.0,0,0,1,20
heavy,0,0,2,0,0.0,0.0,12.0,0.0,1,0,1,20
heavy,0,0,1,0,0.0,0.0,3.0,0.0,0,0,0,10
heavy,0,0,3,2,0.0,0.0,25.0,8.0,1,0,1,20
heavy,3,0,0,0,38.0,0.0,0.0,0.0,0,0,0,10
heavy,1,0,0,2,6.0,0.0,0.0,14.0,1,0,0,10
heavy,1,0,0,0,4.0,0.0,0.0,0.0,0,0,0,10
heavy,1,0,1,3,1.0,0.0,4.0,28.0,1,0,1,20
heavy,5,3,1,0,57.0,26.0,1.0,0.0,0,0,1,20
heavy,1,0,4,1,1.0,0.0,72.0,3.0,1,0,0,10
heavy,4,1,1,0,40.0,9.0,1.0,0.0,0,0,0,10
heavy,2,2,2,0,3.0,8.0,12.0,0.0,1,0,1,20
heavy,12,6,1,1,234.0,76.0,2.0,0.0,0,0,0,20
heavy,3,0,6,5,47.0,0.0,80.0,55.0,1,0,1,25
heavy,11,4,0,5,219.0,38.0,0.0,26.0,0,0,0,15
heavy,5,0,4,10,44.0,0.0,75.0,102.0,1,0,0,10
heavy,11,3,1,6,134.0,17.0,8.0,26.0,0,0,0,15
heavy,6,3,6,13,43.0,12.0,86.0,158.0,1,0,1,25
heavy,15,6,1,1,323.0,109.0,24.0,1.0,0,0,0,30
heavy,4,2,10,15,61.0,3.0,216.0,379.0,1,0,1,35
heavy,13,8,0,4,353.0,186.0,0.0,10.0,0,0,0,25
heavy,5,0,1,14,13.0,0.0,2.0,337.0,1,0,0,10
heavy,11,1,0,11,133.0,11.0,0.0,65.0,0,0,0,10
heavy,7,0,3,15,38.0,0.0,18.0,143.0,1,0,0,15
heavy,13,4,2,9,195.0,33.0,6.0,67.0,0,0,0,20
heavy,2,1,7,16,3.0,1.0,135.0,261.0,1,0,0,20
heavy,12,4,2,5,220.0,81.0,19.0,34.0,0,0,1,40
heavy,2,1,9,17,3.0,2.0,318.0,604.0,1,0,0,50
heavy,11,6,0,2,274.0,77.0,0.0,4.0,0,0,0,25
heavy,4,0,1,8,26.0,0.0,1.0,213.0,1,0,0,10
heavy,10,3,2,6,121.0,20.0,17.0,48.0,0,0,0,15
heavy,5,1,5,10,43.0,3.0,54.0,127.0,1,0,0,10
heavy,11,5,2,5,120.0,47.0,6.0,10.0,0,0,0,10
heavy,5,2,5,12,17.0,7.0,43.0,128.0,1,0,0,15
heavy,12,6,2,8,162.0,67.0,30.0,70.0,0,0,0,20
heavy,2,0,8,14,5.0,0.0,129.0,233.0,1,0,0,20
heavy,10,1,1,5,181.0,21.0,2.0,35.0,0,0,0,10
heavy,6,2,5,13,30.0,3.0,52.0,107.0,1,0,0,15
heavy,12,4,2,9,193.0,24.0,4.0,72.0,0,0,0,10
heavy,3,2,5,13,7.0,4.0,50.0,120.0,1,0,0,15
heavy,13,4,2,2,219.0,44.0,4.0,8.0,0,0,0,25
heavy,0,0,6,16,0.0,0.0,108.0,336.0,1,0,0,30
heavy,12,6,0,1,304.0,93.0,0.0,1.0,0,0,0,25
heavy,6,1,5,13,99.0,2.0,77.0,300.0,1,0,0,20
heavy,11,1,2,1,210.0,24.0,19.0,2.0,0,0,0,20
heavy,1,0,7,12,2.0,0.0,123.0,230.0,1,0,0,15
heavy,10,4,3,0,177.0,28.0,9.0,0.0,0,0,0,20
heavy,6,0,5,11,105.0,0.0,86.0,202.0,1,0,0,15
heavy,10,0,2,2,134.0,0.0,6.0,14.0,0,0,0,20
heavy,1,2,7,12,2.0,2.0,112.0,220.0,1,0,0,15
heavy,8,4,4,3,118.0,35.0,66.0,11.0,0,0,0,10
heavy,5,2,6,12,8.0,3.0,56.0,120.0,1,0,0,15
heavy,9,6,2,7,139.0,107.0,6.0,58.0,0,0,0,10
heavy,4,0,6,11,12.0,0.0,80.0,101.0,1,0,0,15
heavy,14,2,1,1,247.0,13.0,11.0,3.0,0,0,0,20
heavy,1,0,8,14,2.0,0.0,137.0,262.0,1,0,0,45
heavy,13,9,0,2,544.0,306.0,0.0,4.0,0,0,0,35
heavy,3,0,2,12,5.0,0.0,17.0,350.0,1,0,0,10
heavy,9,2,0,10,116.0,16.0,0.0,69.0,0,0,0,15
heavy,5,0,3,16,26.0,0.0,21.0,199.0,1,0,0,20
heavy,14,6,4,0,277.0,87.0,7.0,0.0,0,0,0,30
heavy,5,1,10,11,77.0,4.0,213.0,265.0,1,0,0,35
heavy,13,4,1,4,356.0,34.0,2.0,18.0,0,0,0,25
heavy,4,1,3,14,11.0,1.0,68.0,287.0,1,0,0,15
heavy,10,4,3,7,202.0,37.0,37.0,34.0,0,0,0,10
heavy,10,2,6,13,62.0,19.0,54.0,128.0,1,0,0,15
heavy,15,7,1,3,215.0,94.0,1.0,11.0,0,0,0,35
heavy,4,0,6,16,8.0,0.0,164.0,452.0,1,0,0,25
heavy,11,1,0,2,279.0,4.0,0.0,2.0,0,0,0,10
heavy,5,2,2,11,11.0,5.0,20.0,112.0,1,0,0,15
heavy,15,3,2,2,270.0,26.0,17.0,9.0,0,0,0,25
heavy,5,1,6,15,54.0,1.0,124.0,323.0,1,0,0,35
heavy,15,3,2,5,408.0,109.0,3.0,23.0,0,0,0,20
heavy,2,1,1,13,3.0,23.0,30.0,204.0,1,0,0,10
heavy,9,3,1,9,112.0,19.0,4.0,43.0,0,0,0,10
heavy,4,0,4,16,13.0,0.0,35.0,155.0,1,0,0,20
heavy,10,9,0,9,153.0,187.0,0.0,61.0,0,0,0,15
heavy,8,2,6,12,77.0,4.0,94.0,140.0,1,0,0,15
heavy,14,3,3,10,228.0,52.0,15.0,96.0,0,0,0,25
heavy,2,1,7,16,3.0,1.0,127.0,323.0,1,0,0,35
heavy,11,11,1,4,432.0,246.0,2.0,29.0,0,0,0,30
heavy,2,0,5,14,1.0,0.0,88.0,372.0,1,0,0,20
heavy,0,0,1,0,0.0,0.0,12.0,0.0,0,0,0,10
heavy,1,4,0,0,27.0,67.0,0.0,0.0,0,0,0,10
heavy,0,0,0,1,0.0,0.0,0.0,0.0,1,0,1,20
heavy,1,1,1,0,10.0,14.0,3.0,0.0,0,0,1,20
heavy,1,2,2,1,1.0,2.0,22.0,24.0,1,0,0,10
heavy,1,3,1,0,14.0,14.0,2.0,0.0,0,0,0,10
heavy,1,1,2,0,3.0,2.0,10.0,0.0,1,0,0,10
heavy,1,3,0,1,7.0,18.0,0.0,1.0,0,0,1,20
heavy,1,1,2,5,2.0,1.0,13.0,58.0,1,0,0,10
heavy,2,2,0,0,28.0,16.0,0.0,0.0,0,0,0,10
heavy,0,4,2,1,0.0,7.0,9.0,4.0,1,0,0,10
heavy,1,6,1,0,8.0,83.0,2.0,0.0,0,0,0,10
heavy,1,2,2,2,13.0,3.0,6.0,12.0,1,0,0,10
heavy,1,9,0,2,4.0,127.0,0.0,4.0,0,0,0,10
heavy,1,4,1,4,4.0,7.0,4.0,46.0,1,0,0,10
heavy,4,8,0,2,31.0,110.0,0.0,2.0,0,0,0,10
heavy,1,3,2,5,0.0,8.0,15.0,58.0,1,0,0,15
heavy,3,10,1,1,18.0,168.0,2.0,3.0,0,0,1,20
heavy,1,1,7,5,3.0,3.0,111.0,58.0,1,0,0,10
heavy,3,8,4,2,21.0,93.0,6.0,3.0,0,0,0,10
heavy,1,3,4,5,2.0,4.0,51.0,57.0,1,0,0,10
heavy,4,11,2,1,35.0,146.0,3.0,1.0,0,0,1,25
heavy,0,2,7,8,0.0,2.0,109.0,168.0,1,0,0,10
heavy,4,9,3,2,18.0,93.0,6.0,3.0,0,0,1,20
heavy,0,1,9,7,0.0,1.0,169.0,110.0,1,0,0,10
heavy,2,4,5,4,21.0,40.0,18.0,6.0,0,0,0,10
heavy,1,1,7,7,0.0,2.0,99.0,106.0,1,0,0,10
heavy,4,4,3,7,35.0,41.0,5.0,54.0,0,0,0,10
heavy,1,2,5,8,1.0,5.0,54.0,88.0,1,0,0,10
heavy,4,7,1,3,45.0,75.0,3.0,5.0,0,0,0,10
heavy,1,5,5,6,2.0,16.0,46.0,72.0,1,0,0,10
heavy,4,10,2,3,34.0,124.0,6.0,11.0,0,0,1,25
heavy,2,2,7,9,4.0,4.0,128.0,164.0,1,0,0,10
heavy,6,7,2,2,57.0,89.0,4.0,3.0,0,0,0,10
heavy,2,3,3,9,4.0,4.0,30.0,120.0,1,0,0,10
heavy,5,11,3,7,53.0,143.0,3.0,55.0,0,0,0,10
heavy,1,3,4,9,2.0,5.0,48.0,99.0,1,0,0,20
heavy,5,14,1,2,73.0,313.0,15.0,3.0,0,0,0,25
heavy,2,3,10,6,38.0,4.0,201.0,110.0,1,0,0,10
heavy,5,9,4,3,42.0,113.0,5.0,4.0,0,0,0,10
heavy,2,3,7,4,3.0,8.0,91.0,49.0,1,0,0,10
heavy,6,9,2,3,63.0,123.0,4.0,5.0,0,0,0,10
heavy,2,7,5,6,3.0,25.0,69.0,73.0,1,0,0,10
heavy,3,12,2,3,30.0,134.0,3.0,5.0,0,0,0,10
heavy,1,2,6,8,0.0,2.0,68.0,101.0,1,0,0,10
heavy,3,11,8,1,28.0,148.0,71.0,2.0,0,0,0,20
heavy,2,1,12,8,12.0,1.0,180.0,151.0,1,0,0,25
heavy,8,10,2,2,180.0,207.0,3.0,2.0,0,0,0,25
heavy,2,5,2,8,3.0,20.0,32.0,154.0,1,0,0,20
heavy,5,11,2,3,102.0,194.0,24.0,6.0,0,0,0,10
heavy,1,5,4,6,2.0,8.0,29.0,71.0,1,0,0,10
heavy,4,12,2,5,47.0,176.0,5.0,27.0,0,0,0,10
heavy,4,2,4,6,34.0,4.0,46.0,39.0,1,0,0,15
heavy,6,12,0,2,69.0,173.0,0.0,3.0,0,0,0,25
heavy,0,2,8,9,0.0,4.0,146.0,159.0,1,0,0,20
heavy,1,12,0,1,20.0,226.0,0.0,1.0,0,0,0,10
heavy,2,2,4,6,8.0,4.0,20.0,66.0,1,0,0,10
heavy,4,8,1,4,30.0,110.0,2.0,15.0,0,0,0,10
heavy,3,5,5,9,4.0,42.0,46.0,107.0,1,0,0,10
heavy,3,13,3,5,15.0,152.0,9.0,21.0,0,0,0,10
heavy,2,3,6,12,2.0,4.0,53.0,171.0,1,0,0,25
heavy,5,16,0,1,55.0,407.0,0.0,1.0,0,0,0,35
heavy,2,1,7,7,2.0,1.0,130.0,160.0,1,0,0,10
heavy,3,4,2,2,29.0,55.0,2.0,5.0,0,0,0,10
heavy,2,3,3,5,1.0,29.0,33.0,53.0,1,0,0,10
heavy,2,6,2,2,18.0,66.0,8.0,5.0,0,0,0,10
heavy,2,2,5,7,10.0,3.0,45.0,82.0,1,0,0,20
heavy,5,13,4,2,53.0,249.0,49.0,4.0,0,0,0,30
heavy,1,3,10,10,1.0,4.0,234.0,226.0,1,0,0,30
heavy,7,10,2,0,151.0,280.0,4.0,0.0,0,0,0,20
heavy,2,4,4,3,4.0,7.0,108.0,52.0,1,0,0,10
heavy,5,10,2,1,77.0,123.0,2.0,3.0,0,0,0,10
heavy,2,3,3,8,2.0,4.0,39.0,89.0,1,0,0,10
heavy,6,8,3,6,68.0,106.0,5.0,30.0,0,0,0,10
heavy,2,5,2,10,3.0,20.0,13.0,119.0,1,0,0,10
heavy,4,11,2,2,28.0,158.0,1.0,3.0,0,0,0,10
heavy,2,9,5,8,3.0,50.0,59.0,99.0,1,0,0,20
heavy,4,18,0,2,30.0,343.0,0.0,5.0,0,0,0,35
heavy,2,1,5,12,3.0,2.0,122.0,332.0,1,0,0,25
heavy,5,4,0,2,87.0,67.0,0.0,5.0,0,0,0,10
heavy,2,2,3,5,3.0,5.0,9.0,57.0,1,0,0,10
heavy,6,7,3,2,81.0,86.0,5.0,3.0,0,0,0,10
heavy,4,3,6,4,17.0,6.0,62.0,40.0,1,0,0,20
heavy,6,14,0,1,76.0,290.0,0.0,19.0,0,0,0,40
heavy,1,2,7,11,2.0,4.0,128.0,365.0,1,0,0,25
heavy,3,8,1,1,36.0,225.0,3.0,3.0,0,0,0,10
heavy,2,6,3,4,2.0,55.0,21.0,33.0,1,0,0,10
heavy,5,9,3,0,47.0,97.0,17.0,0.0,0,0,0,10
heavy,2,5,6,3,13.0,15.0,65.0,25.0,1,0,0,10
heavy,2,15,0,3,19.0,198.0,0.0,15.0,0,0,0,30
heavy,1,2,11,10,1.0,2.0,312.0,203.0,1,0,0,30
heavy,6,9,3,1,112.0,233.0,6.0,2.0,0,0,0,10
heavy,4,7,5,2,9.0,31.0,85.0,26.0,1,0,0,10
heavy,4,10,2,1,54.0,118.0,13.0,2.0,0,0,0,10
heavy,3,1,5,3,4.0,2.0,44.0,37.0,1,0,0,10
heavy,3,14,1,1,23.0,163.0,2.0,2.0,0,0,0,25
heavy,2,1,10,10,2.0,1.0,180.0,205.0,1,0,0,25
heavy,0,0,0,2,0.0,0.0,0.0,29.0,0,0,0,10
heavy,1,0,1,0,0.0,0.0,0.0,0.0,1,0,0,10
heavy,0,1,1,0,0.0,6.0,1.0,0.0,0,0,1,20
heavy,0,1,3,0,0.0,1.0,45.0,0.0,1,0,0,10
heavy,0,0,3,3,0.0,0.0,61.0,75.0,1,0,0,10
heavy,0,0,1,0,0.0,0.0,1.0,0.0,0,0,0,10
heavy,0,0,3,1,0.0,0.0,18.0,1.0,1,0,0,10
heavy,0,3,2,0,0.0,34.0,4.0,0.0,0,0,0,10
heavy,0,0,4,1,0.0,0.0,48.0,5.0,1,0,0,10
heavy,0,3,2,0,0.0,22.0,5.0,0.0,0,0,1,20
heavy,0,1,9,1,0.0,1.0,160.0,10.0,1,0,1,20
heavy,0,5,2,0,0.0,70.0,4.0,0.0,0,0,0,10
heavy,0,3,4,4,0.0,5.0,32.0,50.0,1,0,0,10
heavy,1,8,3,1,1.0,109.0,18.0,2.0,0,0,0,10
heavy,0,4,6,3,0.0,5.0,68.0,44.0,1,0,0,10
heavy,1,6,4,0,3.0,72.0,10.0,0.0,0,0,0,10
heavy,1,2,7,3,2.0,8.0,74.0,22.0,1,0,0,10
heavy,3,8,2,6,29.0,85.0,3.0,40.0,0,0,0,10
heavy,1,5,10,5,2.0,11.0,125.0,41.0,1,0,0,10
heavy,1,11,5,1,14.0,170.0,20.0,5.0,0,0,1,25
heavy,1,1,17,7,1.0,2.0,404.0,137.0,1,0,0,30
heavy,9,8,3,2,195.0,198.0,7.0,32.0,0,0,0,25
heavy,0,2,10,9,0.0,3.0,229.0,183.0,1,0,1,30
heavy,1,12,7,3,5.0,281.0,174.0,70.0,0,0,1,25
heavy,1,3,13,5,2.0,9.0,227.0,112.0,1,0,1,25
heavy,6,9,1,1,89.0,193.0,2.0,1.0,0,0,0,10
heavy,0,6,11,4,0.0,32.0,131.0,31.0,1,0,0,15
heavy,2,11,6,3,12.0,193.0,45.0,9.0,0,0,0,20
heavy,1,1,15,8,2.0,2.0,287.0,128.0,1,0,1,55
heavy,7,13,1,1,288.0,640.0,2.0,3.0,0,0,0,25
heavy,1,1,2,1,2.0,2.0,37.0,4.0,1,0,0,10
heavy,2,8,2,1,11.0,87.0,1.0,2.0,0,0,0,10
heavy,2,3,4,5,3.0,19.0,43.0,52.0,1,0,0,10
heavy,4,10,3,1,31.0,121.0,16.0,2.0,0,0,0,10
heavy,1,8,8,8,1.0,41.0,96.0,100.0,1,0,0,20
heavy,4,15,3,4,61.0,290.0,3.0,60.0,0,0,0,15
heavy,0,4,11,7,0.0,16.0,175.0,102.0,1,0,0,15
heavy,4,13,8,5,53.0,227.0,83.0,48.0,0,0,0,20
heavy,1,0,15,7,1.0,0.0,273.0,123.0,1,0,0,25
heavy,4,13,10,2,90.0,254.0,143.0,5.0,0,0,0,25
heavy,2,1,14,9,2.0,2.0,289.0,187.0,1,0,0,20
heavy,4,9,1,2,70.0,168.0,7.0,3.0,0,0,0,10
heavy,0,7,12,8,0.0,28.0,153.0,103.0,1,0,0,20
heavy,5,12,7,4,74.0,238.0,103.0,78.0,0,0,0,20
heavy,1,3,14,7,4.0,6.0,264.0,141.0,1,0,0,25
heavy,5,12,6,1,71.0,260.0,76.0,4.0,0,0,0,20
heavy,2,2,13,5,5.0,3.0,279.0,111.0,1,0,0,25
heavy,6,10,0,3,101.0,200.0,0.0,14.0,0,0,0,20
heavy,1,1,10,6,2.0,1.0,201.0,103.0,1,0,0,10
heavy,2,9,5,3,20.0,104.0,17.0,16.0,0,0,0,10
heavy,0,3,12,6,0.0,4.0,151.0,69.0,1,0,0,20
heavy,3,13,2,2,19.0,271.0,3.0,6.0,0,0,0,25
heavy,2,2,13,9,2.0,4.0,281.0,170.0,1,0,0,25
heavy,6,9,2,1,92.0,229.0,5.0,14.0,0,0,0,10
heavy,0,4,9,5,0.0,15.0,88.0,59.0,1,0,0,10
heavy,2,10,0,1,12.0,135.0,0.0,9.0,0,0,0,10
heavy,0,3,10,6,0.0,6.0,110.0,78.0,1,0,0,10
heavy,1,12,6,1,5.0,156.0,25.0,3.0,0,0,0,20
heavy,0,3,14,7,0.0,3.0,286.0,100.0,1,0,0,30
heavy,7,11,4,1,151.0,268.0,13.0,3.0,0,0,0,30
heavy,1,4,9,10,3.0,8.0,219.0,242.0,1,0,0,25
heavy,1,11,2,2,4.0,262.0,4.0,7.0,0,0,0,10
heavy,0,6,7,3,0.0,43.0,80.0,43.0,1,0,0,15
heavy,3,12,6,2,19.0,190.0,29.0,2.0,0,0,0,10
heavy,1,4,10,9,10.0,7.0,114.0,105.0,1,0,0,20
heavy,6,12,2,2,86.0,242.0,3.0,10.0,0,0,0,20
heavy,0,6,12,2,0.0,71.0,221.0,47.0,1,0,0,10
heavy,0,9,5,3,0.0,105.0,20.0,15.0,0,0,0,10
heavy,0,5,11,4,0.0,24.0,128.0,29.0,1,0,0,10
heavy,4,13,3,3,30.0,179.0,3.0,8.0,0,0,0,25
heavy,1,2,15,11,2.0,3.0,370.0,251.0,1,0,0,35
heavy,3,12,0,1,20.0,359.0,0.0,2.0,0,0,0,10
heavy,0,1,7,1,0.0,1.0,86.0,0.0,1,0,0,10
heavy,1,9,3,2,2.0,114.0,12.0,1.0,0,0,0,10
heavy,1,5,8,2,1.0,8.0,82.0,14.0,1,0,0,10
heavy,2,9,0,3,24.0,109.0,0.0,7.0,0,0,0,10
heavy,1,4,7,6,1.0,7.0,80.0,87.0,1,0,0,10
heavy,3,10,7,1,30.0,140.0,23.0,2.0,0,0,0,10
heavy,2,2,11,4,5.0,5.0,131.0,48.0,1,0,0,10
heavy,3,10,2,1,26.0,141.0,4.0,2.0,0,0,0,10
heavy,1,4,14,5,3.0,6.0,171.0,49.0,1,0,0,25
heavy,4,14,2,3,54.0,325.0,3.0,5.0,0,0,0,25
heavy,0,3,10,8,0.0,7.0,242.0,192.0,1,0,0,15
heavy,3,7,7,2,24.0,132.0,55.0,4.0,0,0,0,15
heavy,1,5,11,7,3.0,36.0,167.0,91.0,1,0,0,20
heavy,1,12,2,2,21.0,240.0,2.0,19.0,0,0,0,20
heavy,1,1,9,10,1.0,1.0,162.0,171.0,1,0,0,25
heavy,5,9,2,1,71.0,195.0,4.0,3.0,0,0,0,10
heavy,3,3,7,4,6.0,12.0,74.0,44.0,1,0,0,10
heavy,3,6,3,0,35.0,82.0,6.0,0.0,0,0,0,10
heavy,0,3,10,4,0.0,6.0,109.0,40.0,1,0,0,10
very_heavy,0,0,1,2,0.0,0.0,0.0,23.0,0,0,0,10
very_heavy,1,1,1,1,0.0,2.0,0.0,15.0,1,0,0,10
very_heavy,1,2,1,0,5.0,15.0,1.0,0.0,0,0,0,10
very_heavy,1,1,2,0,3.0,1.0,14.0,0.0,1,0,0,10
very_heavy,4,6,1,0,50.0,53.0,1.0,0.0,0,0,0,20
very_heavy,2,0,2,5,14.0,0.0,17.0,44.0,1,0,1,25
very_heavy,5,6,1,1,73.0,93.0,2.0,2.0,0,0,0,10
very_heavy,2,5,3,1,19.0,45.0,20.0,0.0,1,0,0,10
very_heavy,4,7,0,1,44.0,51.0,0.0,2.0,0,0,0,15
very_heavy,4,3,9,5,60.0,5.0,108.0,53.0,1,0,1,35
very_heavy,12,12,3,0,308.0,297.0,5.0,0.0,0,0,1,40
very_heavy,2,3,13,7,8.0,5.0,358.0,152.0,1,0,0,30
very_heavy,9,13,7,2,222.0,304.0,102.0,5.0,0,0,1,40
very_heavy,1,3,22,7,1.0,7.0,664.0,146.0,1,0,0,40
very_heavy,12,15,2,7,343.0,484.0,5.0,161.0,0,0,0,40
very_heavy,4,3,22,17,9.0,11.0,722.0,422.0,1,0,1,30
very_heavy,13,21,16,5,338.0,529.0,315.0,8.0,0,0,0,30
very_heavy,11,13,29,14,142.0,229.0,706.0,396.0,1,0,0,40
very_heavy,21,31,14,4,620.0,989.0,436.0,10.0,0,0,0,35
very_heavy,5,20,29,20,14.0,471.0,817.0,621.0,1,0,0,35
very_heavy,18,31,8,3,523.0,820.0,33.0,17.0,0,0,0,30
very_heavy,9,10,29,13,131.0,71.0,724.0,351.0,1,0,0,35
very_heavy,21,31,16,5,613.0,903.0,246.0,27.0,0,0,0,30
very_heavy,7,18,30,18,28.0,269.0,745.0,429.0,1,0,0,45
very_heavy,21,32,3,9,780.0,1238.0,6.0,216.0,0,0,0,30
very_heavy,2,16,23,15,4.0,166.0,623.0,373.0,1,0,0,45
very_heavy,21,33,3,0,796.0,1238.0,12.0,0.0,0,0,0,40
very_heavy,7,9,24,14,34.0,142.0,818.0,391.0,1,0,0,35
very_heavy,15,28,9,3,424.0,816.0,157.0,7.0,0,0,0,40
very_heavy,9,17,32,20,99.0,427.0,1054.0,658.0,1,0,0,40
very_heavy,20,30,10,5,672.0,993.0,178.0,54.0,0,0,0,35
very_heavy,3,10,30,16,31.0,77.0,895.0,501.0,1,0,0,35
very_heavy,17,29,12,8,498.0,823.0,189.0,162.0,0,0,0,30
very_heavy,8,7,30,17,97.0,69.0,765.0,422.0,1,0,0,35
very_heavy,19,31,17,3,543.0,913.0,377.0,5.0,0,0,0,35
very_heavy,12,18,32,18,137.0,408.0,891.0,544.0,1,0,0,35
very_heavy,18,32,6,6,521.0,868.0,33.0,23.0,0,0,0,30
very_heavy,12,9,27,18,215.0,58.0,659.0,455.0,1,0,0,40
very_heavy,20,31,14,3,630.0,1000.0,119.0,4.0,0,0,0,30
very_heavy,13,10,27,15,138.0,97.0,711.0,423.0,1,0,0,30
very_heavy,20,30,10,3,508.0,757.0,50.0,5.0,0,0,0,35
very_heavy,13,19,31,19,216.0,435.0,940.0,574.0,1,0,0,40
very_heavy,20,32,16,3,615.0,998.0,488.0,6.0,0,0,0,35
very_heavy,8,8,30,16,71.0,71.0,794.0,494.0,1,0,0,35
very_heavy,19,30,5,5,516.0,885.0,40.0,101.0,0,0,0,45
very_heavy,6,1,31,23,90.0,1.0,1105.0,792.0,1,0,0,45
very_heavy,17,25,15,3,511.0,865.0,158.0,6.0,0,0,0,40
very_heavy,4,9,28,12,11.0,127.0,870.0,360.0,1,0,0,35
very_heavy,16,27,7,11,466.0,763.0,32.0,150.0,0,0,0,30
very_heavy,12,16,26,19,283.0,276.0,675.0,416.0,1,0,0,35
very_heavy,20,32,14,2,517.0,887.0,135.0,4.0,0,0,0,30
very_heavy,10,16,30,12,67.0,195.0,776.0,345.0,1,0,0,45
very_heavy,20,32,9,5,701.0,1234.0,127.0,34.0,0,0,0,30
very_heavy,8,20,24,16,131.0,379.0,644.0,373.0,1,0,0,35
very_heavy,22,33,9,5,664.0,889.0,57.0,25.0,0,0,0,30
very_heavy,12,19,30,18,218.0,325.0,703.0,453.0,1,0,0,40
very_heavy,22,32,11,6,770.0,1056.0,93.0,151.0,0,0,0,35
very_heavy,0,0,1,1,0.0,0.0,5.0,0.0,0,0,0,10
very_heavy,3,3,1,0,75.0,36.0,2.0,0.0,0,0,0,10
very_heavy,0,0,1,0,0.0,0.0,0.0,0.0,1,0,0,10
very_heavy,1,1,0,1,5.0,4.0,0.0,0.0,0,0,0,10
very_heavy,2,1,4,1,2.0,0.0,20.0,6.0,1,0,0,10
very_heavy,3,0,4,1,22.0,0.0,33.0,3.0,0,0,0,10
very_heavy,4,0,5,3,7.0,0.0,37.0,24.0,1,0,1,35
very_heavy,9,5,1,0,236.0,107.0,1.0,0.0,0,0,1,30
very_heavy,1,1,5,5,3.0,2.0,92.0,83.0,1,0,0,10
very_heavy,3,3,1,1,25.0,31.0,7.0,2.0,0,0,0,10
very_heavy,1,2,8,5,1.0,5.0,78.0,56.0,1,0,0,10
very_heavy,6,6,2,1,70.0,44.0,5.0,1.0,0,0,0,10
very_heavy,1,2,8,6,2.0,4.0,107.0,60.0,1,0,0,10
very_heavy,8,6,6,1,98.0,70.0,40.0,1.0,0,0,0,10
very_heavy,5,3,10,4,23.0,3.0,107.0,40.0,1,0,0,10
very_heavy,12,6,5,1,138.0,81.0,27.0,2.0,0,0,1,25
very_heavy,3,2,17,8,5.0,6.0,389.0,140.0,1,0,1,35
very_heavy,12,13,3,1,327.0,382.0,6.0,14.0,0,0,0,30
very_heavy,5,1,22,11,8.0,3.0,555.0,249.0,1,0,0,35
very_heavy,14,11,10,1,376.0,291.0,150.0,1.0,0,0,0,35
very_heavy,9,1,22,13,141.0,0.0,597.0,353.0,1,0,0,35
very_heavy,22,9,13,1,604.0,190.0,226.0,3.0,0,0,0,35
very_heavy,2,1,29,11,3.0,1.0,858.0,246.0,1,0,0,45
very_heavy,18,18,9,0,644.0,565.0,61.0,0.0,0,0,0,40
very_heavy,2,2,26,10,4.0,2.0,834.0,207.0,1,0,0,40
very_heavy,17,14,8,2,560.0,436.0,192.0,1.0,0,0,0,40
very_heavy,6,2,30,9,69.0,3.0,990.0,192.0,1,0,0,35
very_heavy,18,12,13,1,545.0,335.0,204.0,3.0,0,0,0,35
very_heavy,3,4,28,10,6.0,9.0,795.0,198.0,1,0,0,50
very_heavy,19,19,5,1,731.0,787.0,42.0,0.0,0,0,0,40
very_heavy,3,3,25,12,4.0,7.0,847.0,241.0,1,0,0,35
very_heavy,20,8,7,2,572.0,218.0,31.0,3.0,0,0,0,30
very_heavy,5,1,24,12,21.0,1.0,588.0,291.0,1,0,0,30
very_heavy,17,14,9,9,417.0,323.0,130.0,53.0,0,0,0,40
very_heavy,2,3,30,20,4.0,8.0,1035.0,563.0,1,0,0,40
very_heavy,19,15,5,5,607.0,396.0,39.0,24.0,0,0,0,40
very_heavy,8,2,27,19,89.0,4.0,922.0,608.0,1,0,0,40
very_heavy,21,10,6,9,686.0,264.0,88.0,150.0,0,0,0,35
very_heavy,2,1,27,21,4.0,0.0,832.0,600.0,1,0,0,45
very_heavy,22,12,5,6,835.0,349.0,10.0,76.0,0,0,0,40
very_heavy,9,4,26,28,102.0,10.0,836.0,937.0,1,0,0,40
very_heavy,22,18,11,2,743.0,549.0,205.0,4.0,0,0,0,40
very_heavy,7,2,26,24,35.0,2.0,873.0,808.0,1,0,0,40
very_heavy,20,13,7,13,703.0,404.0,21.0,122.0,0,0,0,35
very_heavy,2,3,23,29,2.0,6.0,694.0,829.0,1,0,0,45
very_heavy,21,17,7,4,779.0,562.0,135.0,9.0,0,0,0,40
very_heavy,10,1,26,18,99.0,2.0,870.0,587.0,1,0,0,40
very_heavy,22,11,2,6,741.0,292.0,2.0,119.0,0,0,0,40
very_heavy,7,1,20,25,111.0,2.0,674.0,527.0,1,0,0,45
very_heavy,21,16,2,9,780.0,500.0,4.0,161.0,0,0,0,30
very_heavy,4,1,21,18,10.0,1.0,548.0,444.0,1,0,0,40
very_heavy,22,19,4,11,775.0,625.0,12.0,128.0,0,0,0,45
very_heavy,6,3,27,25,21.0,7.0,990.0,855.0,1,0,0,40
very_heavy,16,12,12,12,547.0,342.0,93.0,184.0,0,0,0,30
very_heavy,5,6,27,25,15.0,33.0,662.0,599.0,1,0,0,50
very_heavy,23,21,3,10,1021.0,751.0,4.0,230.0,0,0,0,50
very_heavy,0,2,21,31,0.0,6.0,755.0,1245.0,1,0,0,40
very_heavy,0,1,0,0,0.0,0.0,0.0,0.0,0,0,0,10
very_heavy,0,1,0,1,0.0,1.0,0.0,0.0,1,0,1,20
very_heavy,1,2,0,0,21.0,31.0,0.0,0.0,0,0,0,10
very_heavy,1,2,2,3,1.0,3.0,11.0,33.0,1,0,0,10
very_heavy,2,3,0,2,12.0,36.0,0.0,19.0,0,0,0,10
very_heavy,0,0,1,7,0.0,0.0,5.0,57.0,1,0,0,15
very_heavy,4,3,0,2,33.0,24.0,0.0,23.0,0,0,0,10
very_heavy,3,2,0,6,6.0,5.0,0.0,74.0,1,0,0,10
very_heavy,6,6,1,2,78.0,69.0,1.0,6.0,0,0,0,10
very_heavy,3,4,4,7,6.0,6.0,15.0,98.0,1,0,0,10
very_heavy,8,5,2,4,102.0,70.0,2.0,27.0,0,0,1,20
very_heavy,1,2,5,10,1.0,18.0,47.0,169.0,1,0,1,20
very_heavy,6,10,1,5,90.0,184.0,2.0,14.0,0,0,0,10
very_heavy,5,3,6,8,14.0,5.0,64.0,92.0,1,0,0,10
very_heavy,8,9,1,7,102.0,109.0,2.0,42.0,0,0,0,25
very_heavy,3,5,9,15,6.0,13.0,163.0,316.0,1,0,0,20
very_heavy,8,15,4,7,139.0,279.0,19.0,21.0,0,0,0,30
very_heavy,1,10,15,17,3.0,181.0,401.0,398.0,1,0,0,40
very_heavy,14,25,1,0,358.0,843.0,2.0,0.0,0,0,0,40
very_heavy,2,3,16,14,2.0,6.0,476.0,390.0,1,0,0,30
very_heavy,13,11,3,7,273.0,292.0,56.0,159.0,0,0,0,30
very_heavy,2,10,21,21,3.0,187.0,527.0,487.0,1,0,0,30
very_heavy,9,21,13,1,174.0,519.0,290.0,2.0,0,0,0,40
very_heavy,1,1,30,22,2.0,2.0,945.0,716.0,1,0,0,45
very_heavy,16,17,8,13,529.0,597.0,139.0,287.0,0,0,0,45
very_heavy,0,2,27,22,0.0,2.0,986.0,761.0,1,0,1,25
very_heavy,8,18,10,3,151.0,428.0,65.0,8.0,0,0,0,30
very_heavy,4,4,31,20,10.0,15.0,757.0,483.0,1,0,1,45
very_heavy,19,22,2,6,644.0,743.0,2.0,26.0,0,0,0,45
very_heavy,9,3,23,24,60.0,4.0,818.0,813.0,1,0,0,45
very_heavy,23,17,4,14,791.0,609.0,7.0,266.0,0,0,0,45
very_heavy,3,10,25,19,4.0,197.0,915.0,622.0,1,0,0,50
very_heavy,22,25,3,3,858.0,979.0,36.0,47.0,0,0,0,45
very_heavy,2,5,23,20,5.0,26.0,850.0,657.0,1,0,0,40
very_heavy,22,18,4,16,714.0,643.0,10.0,442.0,0,0,0,40
very_heavy,2,1,22,23,3.0,1.0,758.0,690.0,1,0,0,35
very_heavy,19,22,9,11,590.0,662.0,229.0,121.0,0,0,0,40
very_heavy,14,1,30,20,337.0,2.0,1022.0,629.0,1,0,0,40
very_heavy,26,17,10,5,799.0,556.0,125.0,69.0,0,0,0,45
very_heavy,4,5,25,21,7.0,55.0,901.0,767.0,1,0,0,30
very_heavy,13,19,5,7,387.0,493.0,19.0,20.0,0,0,0,40
very_heavy,4,3,28,24,8.0,5.0,999.0,769.0,1,0,0,45
very_heavy,24,18,1,6,855.0,568.0,2.0,17.0,0,0,0,40
very_heavy,1,9,25,20,2.0,228.0,829.0,617.0,1,0,0,35
very_heavy,14,23,16,7,446.0,689.0,346.0,54.0,0,0,0,45
very_heavy,2,8,30,20,3.0,108.0,1137.0,744.0,1,0,0,35
very_heavy,14,19,17,6,351.0,600.0,275.0,32.0,0,0,0,35
very_heavy,12,0,28,18,279.0,0.0,800.0,508.0,1,0,0,30
very_heavy,21,14,14,6,377.0,355.0,132.0,68.0,0,0,0,35
very_heavy,2,12,31,23,3.0,217.0,942.0,639.0,1,0,0,35
very_heavy,18,22,14,3,537.0,597.0,307.0,47.0,0,0,0,45
very_heavy,0,2,31,22,0.0,5.0,1189.0,735.0,1,0,0,30
very_heavy,17,12,16,4,439.0,304.0,220.0,42.0,0,0,0,40
very_heavy,6,2,31,23,46.0,2.0,988.0,747.0,1,0,0,35
very_heavy,18,17,13,1,484.0,447.0,163.0,2.0,0,0,0,40
very_heavy,2,8,31,22,3.0,122.0,1046.0,712.0,1,0,0,35
very_heavy,19,21,14,5,597.0,649.0,274.0,56.0,0,0,0,40
very_heavy,11,3,30,23,125.0,4.0,986.0,712.0,1,0,0,35
very_heavy,23,19,13,0,676.0,597.0,200.0,0.0,0,0,0,40
very_heavy,0,0,1,0,0.0,0.0,13.0,0.0,0,0,0,10
very_heavy,1,0,1,0,2.0,0.0,0.0,0.0,1,0,0,10
very_heavy,1,0,1,1,5.0,0.0,2.0,0.0,0,0,1,20
very_heavy,1,1,6,3,3.0,1.0,80.0,30.0,1,0,0,10
very_heavy,1,1,1,0,7.0,8.0,3.0,0.0,0,0,0,10
very_heavy,2,1,6,1,3.0,2.0,68.0,5.0,1,0,0,15
very_heavy,3,3,2,1,25.0,21.0,4.0,1.0,0,0,0,10
very_heavy,1,1,3,6,1.0,0.0,35.0,61.0,1,0,0,10
very_heavy,3,1,2,2,25.0,4.0,2.0,4.0,0,0,0,10
very_heavy,2,0,6,6,1.0,0.0,64.0,84.0,1,0,0,10
very_heavy,6,1,3,4,66.0,4.0,27.0,7.0,0,0,0,10
very_heavy,2,2,7,4,2.0,1.0,84.0,49.0,1,0,0,10
very_heavy,7,5,2,1,76.0,45.0,3.0,1.0,0,0,0,10
very_heavy,4,2,6,7,19.0,3.0,54.0,83.0,1,0,1,40
very_heavy,15,11,0,5,416.0,389.0,0.0,19.0,0,0,1,30
very_heavy,2,1,10,8,3.0,2.0,192.0,165.0,1,0,0,20
very_heavy,14,8,3,3,299.0,168.0,13.0,26.0,0,0,0,30
very_heavy,2,1,17,14,4.0,2.0,406.0,358.0,1,0,1,30
very_heavy,17,10,6,9,486.0,199.0,39.0,240.0,0,0,0,35
very_heavy,11,2,19,21,252.0,3.0,550.0,575.0,1,0,0,40
very_heavy,25,11,2,8,812.0,279.0,3.0,85.0,0,0,0,30
very_heavy,10,7,23,19,87.0,127.0,594.0,472.0,1,0,0,40
very_heavy,25,20,10,3,964.0,630.0,162.0,4.0,0,0,1,45
very_heavy,8,3,31,23,32.0,6.0,1114.0,844.0,1,0,0,40
very_heavy,17,14,12,11,550.0,435.0,393.0,170.0,0,0,0,35
very_heavy,8,2,29,22,43.0,4.0,813.0,601.0,1,0,0,45
very_heavy,23,20,7,11,764.0,734.0,24.0,97.0,0,0,1,40
very_heavy,1,12,26,25,2.0,319.0,891.0,827.0,1,0,0,40
very_heavy,15,22,15,10,460.0,728.0,237.0,92.0,0,0,0,40
very_heavy,2,5,30,21,3.0,49.0,1011.0,679.0,1,0,0,40
very_heavy,20,16,4,15,614.0,517.0,23.0,321.0,0,0,0,35
very_heavy,10,2,24,27,158.0,3.0,711.0,680.0,1,0,0,45
very_heavy,25,20,1,10,899.0,770.0,2.0,245.0,0,0,0,40
very_heavy,12,4,23,24,248.0,10.0,746.0,811.0,1,0,0,40
very_heavy,22,16,14,8,737.0,511.0,244.0,231.0,0,0,0,30
very_heavy,9,6,26,25,115.0,25.0,621.0,660.0,1,0,0,40
very_heavy,25,19,9,11,889.0,608.0,46.0,160.0,0,0,0,45
very_heavy,2,1,31,27,3.0,1.0,1159.0,950.0,1,0,0,45
very_heavy,19,14,1,10,686.0,438.0,6.0,297.0,0,0,0,30
very_heavy,6,3,20,25,24.0,7.0,471.0,646.0,1,0,0,40
very_heavy,25,21,8,11,858.0,671.0,185.0,225.0,0,0,0,35
very_heavy,15,3,25,22,360.0,4.0,718.0,630.0,1,0,0,35
very_heavy,26,15,8,17,802.0,477.0,42.0,403.0,0,0,0,35
very_heavy,9,7,27,29,46.0,31.0,743.0,809.0,1,0,0,50
very_heavy,23,21,2,8,934.0,854.0,3.0,157.0,0,0,0,50
very_heavy,3,3,25,20,4.0,26.0,979.0,708.0,1,0,0,40
very_heavy,12,15,4,5,372.0,449.0,40.0,15.0,0,0,0,30
very_heavy,6,2,27,21,21.0,6.0,672.0,571.0,1,0,0,40
very_heavy,20,19,13,15,614.0,614.0,185.0,337.0,0,0,0,35
very_heavy,6,13,25,26,21.0,291.0,704.0,692.0,1,0,0,40
very_heavy,24,24,2,6,772.0,754.0,30.0,55.0,0,0,0,35
very_heavy,2,4,25,20,4.0,16.0,720.0,624.0,1,0,0,40
very_heavy,22,15,5,2,768.0,464.0,19.0,4.0,0,0,0,30
very_heavy,1,3,27,17,1.0,5.0,624.0,459.0,1,0,0,35
very_heavy,23,21,10,13,687.0,617.0,74.0,233.0,0,0,0,45
very_heavy,6,2,30,26,26.0,2.0,1091.0,899.0,1,0,0,40
very_heavy,19,16,17,5,607.0,514.0,299.0,16.0,0,0,0,30
very_heavy,6,8,29,20,21.0,101.0,678.0,537.0,1,0,0,35
very_heavy,0,0,0,2,0.0,0.0,0.0,22.0,0,0,0,10
very_heavy,0,0,0,2,0.0,0.0,0.0,27.0,1,0,0,10
very_heavy,2,1,0,0,4.0,4.0,0.0,0.0,0,0,0,10
very_heavy,1,0,1,2,2.0,0.0,16.0,10.0,1,0,0,10
very_heavy,4,4,1,0,37.0,33.0,1.0,0.0,0,0,0,10
very_heavy,1,0,1,1,1.0,0.0,4.0,2.0,1,0,0,10
very_heavy,4,2,1,0,40.0,21.0,1.0,0.0,0,0,1,25
very_heavy,0,2,1,6,0.0,7.0,5.0,81.0,1,0,0,10
very_heavy,4,5,0,0,40.0,70.0,0.0,0.0,0,0,0,10
very_heavy,1,2,1,4,2.0,8.0,9.0,35.0,1,0,0,10
very_heavy,7,5,0,1,79.0,63.0,0.0,4.0,0,0,0,10
very_heavy,1,1,1,5,1.0,12.0,17.0,53.0,1,0,0,10
very_heavy,6,4,0,3,63.0,39.0,0.0,8.0,0,0,1,20
very_heavy,2,1,3,11,2.0,1.0,49.0,219.0,1,0,0,20
very_heavy,10,4,4,2,171.0,33.0,60.0,4.0,0,0,0,10
very_heavy,5,1,7,8,22.0,2.0,74.0,106.0,1,0,0,15
very_heavy,13,7,5,5,222.0,80.0,21.0,36.0,0,0,0,20
very_heavy,8,2,5,13,48.0,6.0,83.0,252.0,1,0,0,20
very_heavy,17,10,1,5,311.0,202.0,12.0,8.0,0,0,0,35
very_heavy,5,7,12,16,13.0,220.0,281.0,464.0,1,0,0,35
very_heavy,19,14,1,10,512.0,369.0,1.0,239.0,0,0,1,25
very_heavy,13,4,3,24,157.0,7.0,61.0,496.0,1,0,0,40
very_heavy,28,19,5,3,938.0,551.0,65.0,5.0,0,0,0,40
very_heavy,11,2,18,26,297.0,3.0,511.0,878.0,1,0,0,40
very_heavy,30,17,2,10,981.0,584.0,26.0,97.0,0,0,0,35
very_heavy,16,12,9,35,320.0,249.0,232.0,917.0,1,0,0,40
very_heavy,32,26,3,6,1080.0,852.0,23.0,20.0,0,0,1,40
very_heavy,11,2,9,35,205.0,4.0,229.0,1090.0,1,0,0,40
very_heavy,29,19,3,13,952.0,629.0,23.0,160.0,0,0,0,35
very_heavy,13,8,9,34,297.0,56.0,196.0,954.0,1,0,0,45
very_heavy,32,25,5,1,1252.0,944.0,16.0,1.0,0,0,0,35
very_heavy,18,5,9,31,310.0,20.0,226.0,886.0,1,0,0,35
very_heavy,30,22,6,16,851.0,674.0,42.0,129.0,0,0,0,45
very_heavy,10,13,14,38,55.0,135.0,396.0,1399.0,1,0,0,40
very_heavy,24,21,2,5,826.0,642.0,3.0,18.0,0,0,0,45
very_heavy,4,8,13,36,8.0,47.0,386.0,1319.0,1,0,0,40
very_heavy,27,18,0,11,930.0,626.0,0.0,141.0,0,0,0,50
very_heavy,6,2,12,38,14.0,3.0,343.0,1538.0,1,0,0,45
very_heavy,25,15,2,0,969.0,476.0,4.0,0.0,0,0,0,30
very_heavy,15,11,10,27,213.0,164.0,260.0,684.0,1,0,0,40
very_heavy,31,22,1,17,1005.0,666.0,2.0,295.0,0,0,0,40
very_heavy,7,4,11,37,79.0,7.0,325.0,1183.0,1,0,0,30
very_heavy,26,13,2,9,723.0,356.0,3.0,52.0,0,0,0,35
very_heavy,3,8,15,38,7.0,60.0,382.0,1064.0,1,0,0,45
very_heavy,27,21,2,5,1092.0,734.0,3.0,76.0,0,0,0,40
very_heavy,13,6,10,33,249.0,26.0,242.0,1009.0,1,0,0,35
very_heavy,29,15,1,1,880.0,460.0,2.0,2.0,0,0,0,40
very_heavy,5,1,15,34,16.0,2.0,429.0,1116.0,1,0,0,40
very_heavy,27,22,1,13,842.0,671.0,2.0,115.0,0,0,0,40
very_heavy,15,2,10,37,389.0,2.0,291.0,1198.0,1,0,0,40
very_heavy,31,18,2,9,946.0,593.0,13.0,165.0,0,0,0,35
very_heavy,16,7,10,36,223.0,30.0,240.0,992.0,1,0,0,40
very_heavy,31,22,1,8,935.0,696.0,3.0,96.0,0,0,0,40
very_heavy,6,9,7,38,109.0,102.0,140.0,1226.0,1,0,0,45
very_heavy,29,19,5,2,1062.0,651.0,47.0,4.0,0,0,0,45
very_heavy,6,8,15,32,32.0,65.0,451.0,1178.0,1,0,0,35
very_heavy,25,22,1,5,721.0,680.0,9.0,22.0,0,0,0,35
very_heavy,8,11,10,36,44.0,174.0,237.0,962.0,1,0,0,45
very_heavy,28,24,6,3,1046.0,877.0,63.0,3.0,0,0,0,40
